query_system	query_ligand_id	target_system	target_ligand_id	protein_mapping	protein_mapper	similarity	source	metric	mapping
a71ev2a-x4202a__1__1.A__1.X	a71ev2a-x4202a__1__1.X	7hx6__1__1.A__1.C	7hx6__1__1.C	1.A:1.A	foldseek	100		sucos_shape_pocket_qcov	
a71ev2a-x4959b__1__1.C__1.X	a71ev2a-x4959b__1__1.X	7i6f__2__1.B__1.G	7i6f__2__1.G	1.C:1.B	foldseek	100		sucos_shape_pocket_qcov	
a71ev2a-x0469a__1__1.A__1.X	a71ev2a-x0469a__1__1.X	7h3q__1__1.A__1.B	7h3q__1__1.B	1.A:1.A	foldseek	100		sucos_shape_pocket_qcov	
a71ev2a-x5758b__1__1.C__1.X	a71ev2a-x5758b__1__1.X	7i7x__2__1.B__1.E	7i7x__2__1.E	1.C:1.B	foldseek	96		sucos_shape_pocket_qcov	
a71ev2a-x1081b__1__1.A__1.X	a71ev2a-x1081b__1__1.X	7h4r__1__1.A__1.C	7h4r__1__1.C	1.A:1.A	foldseek	100		sucos_shape_pocket_qcov	
a71ev2a-x4650a__1__1.A__1.X	a71ev2a-x4650a__1__1.X	7i43__1__1.A__1.B	7i43__1__1.B	1.A:1.A	foldseek	100		sucos_shape_pocket_qcov	
a71ev2a-x4202b__1__1.C__1.X	a71ev2a-x4202b__1__1.X	7hx6__2__1.B__1.F	7hx6__2__1.F	1.C:1.B	foldseek	100		sucos_shape_pocket_qcov	
a71ev2a-x3706a__1__1.A__1.X	a71ev2a-x3706a__1__1.X	7i37__1__1.A__1.C	7i37__1__1.C	1.A:1.A	foldseek	100		sucos_shape_pocket_qcov	
a71ev2a-x4751a__1__1.A__1.X	a71ev2a-x4751a__1__1.X	7i4x__1__1.A__1.C	7i4x__1__1.C	1.A:1.A	foldseek	100		sucos_shape_pocket_qcov	
a71ev2a-x4880a__1__1.A__1.X	a71ev2a-x4880a__1__1.X	7i5u__1__1.A__1.C	7i5u__1__1.C	1.A:1.A	foldseek	100		sucos_shape_pocket_qcov	
a71ev2a-x5226a__1__1.A__1.X	a71ev2a-x5226a__1__1.X	7i41__1__1.A__1.C	7i41__1__1.C	1.A:1.A	foldseek	77		sucos_shape_pocket_qcov	
a71ev2a-x5854a__1__1.A__1.X	a71ev2a-x5854a__1__1.X	7i6j__1__1.A__1.C	7i6j__1__1.C	1.A:1.A	foldseek	86		sucos_shape_pocket_qcov	
a71ev2a-x5171a__1__1.A__1.X	a71ev2a-x5171a__1__1.X	7i77__1__1.A__1.C	7i77__1__1.C	1.A:1.A	foldseek	100		sucos_shape_pocket_qcov	
a71ev2a-x4895a__1__1.A__1.X	a71ev2a-x4895a__1__1.X	7i5z__1__1.A__1.C	7i5z__1__1.C	1.A:1.A	foldseek	100		sucos_shape_pocket_qcov	
a71ev2a-x4739a__1__1.A__1.X	a71ev2a-x4739a__1__1.X	7i4s__1__1.A__1.B	7i4s__1__1.B	1.A:1.A	foldseek	100		sucos_shape_pocket_qcov	
a71ev2a-x0732a__1__1.A__1.X	a71ev2a-x0732a__1__1.X	7h4d__1__1.A__1.B	7h4d__1__1.B	1.A:1.A	foldseek	100		sucos_shape_pocket_qcov	
a71ev2a-x4494a__1__1.A__1.X	a71ev2a-x4494a__1__1.X	7i3k__1__1.A__1.B	7i3k__1__1.B	1.A:1.A	foldseek	100		sucos_shape_pocket_qcov	
a71ev2a-x6821a__1__1.A__1.X	a71ev2a-x6821a__1__1.X	7i4a__1__1.A__1.B	7i4a__1__1.B	1.A:1.A	foldseek	80		sucos_shape_pocket_qcov	
a71ev2a-x0836b__1__1.A__1.X	a71ev2a-x0836b__1__1.X	7h4m__1__1.A__1.B	7h4m__1__1.B	1.A:1.A	foldseek	58		sucos_shape_pocket_qcov	
a71ev2a-x1019a__1__1.A__1.X	a71ev2a-x1019a__1__1.X	7h4o__1__1.A__1.B	7h4o__1__1.B	1.A:1.A	foldseek	100		sucos_shape_pocket_qcov	
a71ev2a-x0416a__1__1.A__1.X	a71ev2a-x0416a__1__1.X	7h3k__1__1.A__1.B	7h3k__1__1.B	1.A:1.A	foldseek	100		sucos_shape_pocket_qcov	
a71ev2a-x4018b__1__1.C__1.X	a71ev2a-x4018b__1__1.X	7hwz__2__1.B__1.F	7hwz__2__1.F	1.C:1.B	foldseek	100		sucos_shape_pocket_qcov	
a71ev2a-x3264a__1__1.A__1.X	a71ev2a-x3264a__1__1.X	7huz__1__1.A__1.B_1.G	7huz__1__1.B	1.A:1.A	foldseek	100		sucos_shape_pocket_qcov	
a71ev2a-x4606b__1__1.C__1.X	a71ev2a-x4606b__1__1.X	7i3z__2__1.B__1.F	7i3z__2__1.F	1.C:1.B	foldseek	100		sucos_shape_pocket_qcov	
a71ev2a-x3883a__1__1.A__1.X	a71ev2a-x3883a__1__1.X	7i39__1__1.A__1.C	7i39__1__1.C	1.A:1.A	foldseek	100		sucos_shape_pocket_qcov	
a71ev2a-x7622a__1__1.A__1.X	a71ev2a-x7622a__1__1.X	7i5w__1__1.A__1.C	7i5w__1__1.C	1.A:1.A	foldseek	79		sucos_shape_pocket_qcov	
a71ev2a-x3548a__1__1.A__1.X	a71ev2a-x3548a__1__1.X	7hvi__1__1.A__1.B	7hvi__1__1.B	1.A:1.A	foldseek	100		sucos_shape_pocket_qcov	
a71ev2a-x0443a__1__1.B__1.X	a71ev2a-x0443a__1__1.X	7hod__2__1.B__1.F	7hod__2__1.F	1.B:1.B	foldseek	100		sucos_shape_pocket_qcov	
a71ev2a-x4877b__1__1.C__1.X	a71ev2a-x4877b__1__1.X	7i5t__2__1.B__1.E	7i5t__2__1.E	1.C:1.B	foldseek	100		sucos_shape_pocket_qcov	
a71ev2a-x4967c__1__1.C__1.X	a71ev2a-x4967c__1__1.X	7i6h__2__1.B__1.G_1.H	7i6h__2__1.H	1.C:1.B	foldseek	100		sucos_shape_pocket_qcov	
a71ev2a-x4895b__1__1.C__1.X	a71ev2a-x4895b__1__1.X	7i5z__2__1.B__1.F	7i5z__2__1.F	1.C:1.B	foldseek	100		sucos_shape_pocket_qcov	
a71ev2a-x4365a__1__1.A__1.X	a71ev2a-x4365a__1__1.X	7hye__1__1.A__1.C	7hye__1__1.C	1.A:1.A	foldseek	100		sucos_shape_pocket_qcov	
a71ev2a-x5824a__1__1.A__1.X	a71ev2a-x5824a__1__1.X	7i4a__1__1.A__1.B	7i4a__1__1.B	1.A:1.A	foldseek	75		sucos_shape_pocket_qcov	
a71ev2a-x5793a__1__1.A__1.X	a71ev2a-x5793a__1__1.X	7hvg__1__1.A__1.B	7hvg__1__1.B	1.A:1.A	foldseek	93		sucos_shape_pocket_qcov	
a71ev2a-x5203a__1__1.A__1.X	a71ev2a-x5203a__1__1.X	7i7b__1__1.A__1.C	7i7b__1__1.C	1.A:1.A	foldseek	100		sucos_shape_pocket_qcov	
a71ev2a-x1346a__1__1.B__1.X	a71ev2a-x1346a__1__1.X	7i7u__1__1.A__1.C	7i7u__1__1.C	1.B:1.A	foldseek	57		sucos_shape_pocket_qcov	
a71ev2a-x4711a__1__1.A__1.X	a71ev2a-x4711a__1__1.X	7i4k__1__1.A__1.B	7i4k__1__1.B	1.A:1.A	foldseek	100		sucos_shape_pocket_qcov	
a71ev2a-x0351a__1__1.A__1.X	a71ev2a-x0351a__1__1.X	7h3a__1__1.A__1.C	7h3a__1__1.C	1.A:1.A	foldseek	100		sucos_shape_pocket_qcov	
a71ev2a-x5836a__1__1.A__1.X	a71ev2a-x5836a__1__1.X	7i7x__1__1.A__1.C	7i7x__1__1.C	1.A:1.A	foldseek	87		sucos_shape_pocket_qcov	
a71ev2a-x5015a__1__1.A__1.X	a71ev2a-x5015a__1__1.X	7i6q__1__1.A__1.C	7i6q__1__1.C	1.A:1.A	foldseek	100		sucos_shape_pocket_qcov	
a71ev2a-x7560a__1__1.A__1.X	a71ev2a-x7560a__1__1.X	7i64__1__1.A__1.B	7i64__1__1.B	1.A:1.A	foldseek	81		sucos_shape_pocket_qcov	
a71ev2a-x6991a__1__1.A__1.X	a71ev2a-x6991a__1__1.X	7i4a__1__1.A__1.B	7i4a__1__1.B	1.A:1.A	foldseek	79		sucos_shape_pocket_qcov	
a71ev2a-x7560b__1__1.B__1.X	a71ev2a-x7560b__1__1.X	7i64__1__1.A__1.B	7i64__1__1.B	1.B:1.A	foldseek	80		sucos_shape_pocket_qcov	
a71ev2a-x7038a__1__1.A__1.X	a71ev2a-x7038a__1__1.X	7i4a__1__1.A__1.B	7i4a__1__1.B	1.A:1.A	foldseek	85		sucos_shape_pocket_qcov	
a71ev2a-x7256a__1__1.A__1.X	a71ev2a-x7256a__1__1.X	7i7x__2__1.B__1.E	7i7x__2__1.E	1.A:1.B	foldseek	86		sucos_shape_pocket_qcov	
a71ev2a-x4606a__1__1.A__1.X	a71ev2a-x4606a__1__1.X	7i3z__1__1.A__1.C	7i3z__1__1.C	1.A:1.A	foldseek	100		sucos_shape_pocket_qcov	
a71ev2a-x0853a__1__1.A__1.X	a71ev2a-x0853a__1__1.X	7h4h__1__1.A__1.B	7h4h__1__1.B	1.A:1.A	foldseek	100		sucos_shape_pocket_qcov	
a71ev2a-x4694a__1__1.A__1.X	a71ev2a-x4694a__1__1.X	7i4c__1__1.A__1.B	7i4c__1__1.B	1.A:1.A	foldseek	100		sucos_shape_pocket_qcov	
a71ev2a-x3193a__1__1.A__1.X	a71ev2a-x3193a__1__1.X	7hup__1__1.A__1.B	7hup__1__1.B	1.A:1.A	foldseek	100		sucos_shape_pocket_qcov	
a71ev2a-x5389a__1__1.A__1.X	a71ev2a-x5389a__1__1.X	7i39__1__1.A__1.C	7i39__1__1.C	1.A:1.A	foldseek	83		sucos_shape_pocket_qcov	
a71ev2a-x6819a__1__1.A__1.X	a71ev2a-x6819a__1__1.X	7hx8__2__1.B__1.G_1.H	7hx8__2__1.G	1.A:1.B	foldseek	71		sucos_shape_pocket_qcov	
a71ev2a-x4954a__1__1.A__1.X	a71ev2a-x4954a__1__1.X	7i6e__1__1.A__1.B	7i6e__1__1.B	1.A:1.A	foldseek	100		sucos_shape_pocket_qcov	
a71ev2a-x4547a__1__1.A__1.X	a71ev2a-x4547a__1__1.X	7hzh__1__1.A__1.B	7hzh__1__1.B	1.A:1.A	foldseek	96		sucos_shape_pocket_qcov	
a71ev2a-x4903b__1__1.C__1.X	a71ev2a-x4903b__1__1.X	7i5f__2__1.B__1.G	7i5f__2__1.G	1.C:1.B	foldseek	100		sucos_shape_pocket_qcov	
a71ev2a-x4914a__1__1.A__1.X	a71ev2a-x4914a__1__1.X	7i63__1__1.A__1.B	7i63__1__1.B	1.A:1.A	foldseek	100		sucos_shape_pocket_qcov	
a71ev2a-x4998a__1__1.A__1.X	a71ev2a-x4998a__1__1.X	7i6p__1__1.A__1.C	7i6p__1__1.C	1.A:1.A	foldseek	100		sucos_shape_pocket_qcov	
a71ev2a-x3557b__1__1.C__1.X	a71ev2a-x3557b__1__1.X	7hvl__2__1.B__1.F	7hvl__2__1.F	1.C:1.B	foldseek	100		sucos_shape_pocket_qcov	
a71ev2a-x7359a__1__1.A__1.X	a71ev2a-x7359a__1__1.X	7i7x__1__1.A__1.C	7i7x__1__1.C	1.A:1.A	foldseek	94		sucos_shape_pocket_qcov	
a71ev2a-x4986b__1__1.C__1.X	a71ev2a-x4986b__1__1.X	7i6m__2__1.B__1.G	7i6m__2__1.G	1.C:1.B	foldseek	98		sucos_shape_pocket_qcov	
a71ev2a-x4880b__1__1.C__1.X	a71ev2a-x4880b__1__1.X	7i5u__2__1.B__1.G	7i5u__2__1.G	1.C:1.B	foldseek	100		sucos_shape_pocket_qcov	
a71ev2a-x5822a__1__1.A__1.X	a71ev2a-x5822a__1__1.X	7i68__1__1.A__1.B	7i68__1__1.B	1.A:1.A	foldseek	72		sucos_shape_pocket_qcov	
a71ev2a-x4885a__1__1.A__1.X	a71ev2a-x4885a__1__1.X	7i5x__1__1.A__1.C	7i5x__1__1.C	1.A:1.A	foldseek	100		sucos_shape_pocket_qcov	
a71ev2a-x7031a__1__1.A__1.X	a71ev2a-x7031a__1__1.X	7i3m__1__1.A__1.C	7i3m__1__1.C	1.A:1.A	foldseek	78		sucos_shape_pocket_qcov	
a71ev2a-x5222a__1__1.A__1.X	a71ev2a-x5222a__1__1.X	7i7h__1__1.A__1.B	7i7h__1__1.B	1.A:1.A	foldseek	100		sucos_shape_pocket_qcov	
a71ev2a-x0396a__1__1.A__1.X	a71ev2a-x0396a__1__1.X	7h3i__1__1.A__1.B	7h3i__1__1.B	1.A:1.A	foldseek	100		sucos_shape_pocket_qcov	
a71ev2a-x5512b__1__1.C__1.X	a71ev2a-x5512b__1__1.X	7i7x__1__1.A__1.C	7i7x__1__1.C	1.C:1.A	foldseek	83		sucos_shape_pocket_qcov	
a71ev2a-x6028a__1__1.A__1.X	a71ev2a-x6028a__1__1.X	7i4o__1__1.A__1.B	7i4o__1__1.B	1.A:1.A	foldseek	78		sucos_shape_pocket_qcov	
a71ev2a-x7545a__1__1.A__1.X	a71ev2a-x7545a__1__1.X	7i5e__1__1.A__1.C	7i5e__1__1.C	1.A:1.A	foldseek	87		sucos_shape_pocket_qcov	
a71ev2a-x4017a__1__1.A__1.X	a71ev2a-x4017a__1__1.X	7hwy__1__1.A__1.C	7hwy__1__1.C	1.A:1.A	foldseek	100		sucos_shape_pocket_qcov	
a71ev2a-x4317a__1__1.A__1.X	a71ev2a-x4317a__1__1.X	7hxx__1__1.A__1.C	7hxx__1__1.C	1.A:1.A	foldseek	100		sucos_shape_pocket_qcov	
a71ev2a-x5104a__1__1.A__1.X	a71ev2a-x5104a__1__1.X	7i73__1__1.A__1.C	7i73__1__1.C	1.A:1.A	foldseek	100		sucos_shape_pocket_qcov	
a71ev2a-x2293a__1__1.A__1.X	a71ev2a-x2293a__1__1.X	7hzk__1__1.A__1.F	7hzk__1__1.F	1.A:1.A	foldseek	98		sucos_shape_pocket_qcov	
a71ev2a-x7339a__1__1.A__1.X	a71ev2a-x7339a__1__1.X	7i64__1__1.A__1.B	7i64__1__1.B	1.A:1.A	foldseek	84		sucos_shape_pocket_qcov	
a71ev2a-x5431a__1__1.A__1.X	a71ev2a-x5431a__1__1.X	7i4d__1__1.A__1.B	7i4d__1__1.B	1.A:1.A	foldseek	84		sucos_shape_pocket_qcov	
a71ev2a-x0526a__1__1.A__1.X	a71ev2a-x0526a__1__1.X	7h40__1__1.A__1.B	7h40__1__1.B	1.A:1.A	foldseek	100		sucos_shape_pocket_qcov	
a71ev2a-x0395b__1__1.A__1.X	a71ev2a-x0395b__1__1.X	7h3h__1__1.A__1.C	7h3h__1__1.C	1.A:1.A	foldseek	100		sucos_shape_pocket_qcov	
a71ev2a-x0719a__1__1.A__1.X	a71ev2a-x0719a__1__1.X	7h4c__1__1.A__1.C	7h4c__1__1.C	1.A:1.A	foldseek	100		sucos_shape_pocket_qcov	
a71ev2a-x4644a__1__1.A__1.X	a71ev2a-x4644a__1__1.X	7i42__1__1.A__1.C	7i42__1__1.C	1.A:1.A	foldseek	100		sucos_shape_pocket_qcov	
a71ev2a-x2448a__1__1.A__1.X	a71ev2a-x2448a__1__1.X	7h3l__1__1.A__1.B	7h3l__1__1.B	1.A:1.A	foldseek	90		sucos_shape_pocket_qcov	
a71ev2a-x4035b__1__1.C__1.X	a71ev2a-x4035b__1__1.X	7hx5__2__1.B__1.F	7hx5__2__1.F	1.C:1.B	foldseek	100		sucos_shape_pocket_qcov	
a71ev2a-x4322a__1__1.A__1.X	a71ev2a-x4322a__1__1.X	7hy0__1__1.A__1.C	7hy0__1__1.C	1.A:1.A	foldseek	96		sucos_shape_pocket_qcov	
a71ev2a-x4313a__1__1.A__1.X	a71ev2a-x4313a__1__1.X	7hxu__1__1.A__1.C	7hxu__1__1.C	1.A:1.A	foldseek	100		sucos_shape_pocket_qcov	
a71ev2a-x7333a__1__1.A__1.X	a71ev2a-x7333a__1__1.X	7i64__1__1.A__1.B	7i64__1__1.B	1.A:1.A	foldseek	82		sucos_shape_pocket_qcov	
a71ev2a-x4980a__1__1.A__1.X	a71ev2a-x4980a__1__1.X	7i6l__1__1.A__1.B	7i6l__1__1.B	1.A:1.A	foldseek	100		sucos_shape_pocket_qcov	
a71ev2a-x5171b__1__1.C__1.X	a71ev2a-x5171b__1__1.X	7i77__2__1.B__1.G	7i77__2__1.G	1.C:1.B	foldseek	100		sucos_shape_pocket_qcov	
a71ev2a-x5793b__1__1.C__1.X	a71ev2a-x5793b__1__1.X	7hvg__1__1.A__1.B	7hvg__1__1.B	1.C:1.A	foldseek	97		sucos_shape_pocket_qcov	
a71ev2a-x5448a__1__1.A__1.X	a71ev2a-x5448a__1__1.X	7i70__2__1.B__1.F	7i70__2__1.F	1.A:1.B	foldseek	94		sucos_shape_pocket_qcov	
a71ev2a-x0586a__1__1.A__1.X	a71ev2a-x0586a__1__1.X	7h48__1__1.A__1.B	7h48__1__1.B	1.A:1.A	foldseek	100		sucos_shape_pocket_qcov	
a71ev2a-x4570a__1__1.A__1.X	a71ev2a-x4570a__1__1.X	7i3s__1__1.A__1.B	7i3s__1__1.B	1.A:1.A	foldseek	100		sucos_shape_pocket_qcov	
a71ev2a-x7475a__1__1.A__1.X	a71ev2a-x7475a__1__1.X	7i3m__1__1.A__1.C	7i3m__1__1.C	1.A:1.A	foldseek	77		sucos_shape_pocket_qcov	
a71ev2a-x4583b__1__1.C__1.X	a71ev2a-x4583b__1__1.X	7i3w__2__1.B__1.F	7i3w__2__1.F	1.C:1.B	foldseek	100		sucos_shape_pocket_qcov	
a71ev2a-x1109a__1__1.A__1.X	a71ev2a-x1109a__1__1.X	7h4u__1__1.A__1.B_1.C	7h4u__1__1.B	1.A:1.A	foldseek	100		sucos_shape_pocket_qcov	
a71ev2a-x7379a__1__1.A__1.X	a71ev2a-x7379a__1__1.X	7i5c__1__1.A__1.C	7i5c__1__1.C	1.A:1.A	foldseek	79		sucos_shape_pocket_qcov	
a71ev2a-x4882a__1__1.A__1.X	a71ev2a-x4882a__1__1.X	7i5v__1__1.A__1.C	7i5v__1__1.C	1.A:1.A	foldseek	100		sucos_shape_pocket_qcov	
a71ev2a-x3571a__1__1.A__1.X	a71ev2a-x3571a__1__1.X	7hvo__1__1.A__1.C	7hvo__1__1.C	1.A:1.A	foldseek	100		sucos_shape_pocket_qcov	
a71ev2a-x4608a__1__1.A__1.X	a71ev2a-x4608a__1__1.X	7i40__1__1.A__1.B	7i40__1__1.B	1.A:1.A	foldseek	100		sucos_shape_pocket_qcov	
a71ev2a-x7316a__1__1.A__1.X	a71ev2a-x7316a__1__1.X	7i3m__1__1.A__1.C	7i3m__1__1.C	1.A:1.A	foldseek	78		sucos_shape_pocket_qcov	
a71ev2a-x0351c__1__1.A__1.X	a71ev2a-x0351c__1__1.X	7h3a__1__1.A__1.B	7h3a__1__1.B	1.A:1.A	foldseek	100		sucos_shape_pocket_qcov	
a71ev2a-x4373a__1__1.A__1.X	a71ev2a-x4373a__1__1.X	7hyh__1__1.A__1.B	7hyh__1__1.B	1.A:1.A	foldseek	100		sucos_shape_pocket_qcov	
a71ev2a-x0836a__1__1.A__1.X	a71ev2a-x0836a__1__1.X	7h3d__1__1.A__1.B	7h3d__1__1.B	1.A:1.A	foldseek	66		sucos_shape_pocket_qcov	
a71ev2a-x3956a__1__1.A__1.X	a71ev2a-x3956a__1__1.X	7hwl__1__1.A__1.C	7hwl__1__1.C	1.A:1.A	foldseek	100		sucos_shape_pocket_qcov	
a71ev2a-x2304a__1__1.A__1.X	a71ev2a-x2304a__1__1.X	7huk__1__1.A__1.C	7huk__1__1.C	1.A:1.A	foldseek	88		sucos_shape_pocket_qcov	
a71ev2a-x7353b__1__1.A__1.X	a71ev2a-x7353b__1__1.X	7i3m__1__1.A__1.C	7i3m__1__1.C	1.A:1.A	foldseek	78		sucos_shape_pocket_qcov	
a71ev2a-x5276a__1__1.A__1.X	a71ev2a-x5276a__1__1.X	7i7o__1__1.A__1.B	7i7o__1__1.B	1.A:1.A	foldseek	100		sucos_shape_pocket_qcov	
a71ev2a-x4237d__1__1.C__1.X	a71ev2a-x4237d__1__1.X	7i3n__1__1.A__1.B	7i3n__1__1.B	1.C:1.A	foldseek	82		sucos_shape_pocket_qcov	
a71ev2a-x4372a__1__1.A__1.X	a71ev2a-x4372a__1__1.X	7hyg__1__1.A__1.B	7hyg__1__1.B	1.A:1.A	foldseek	100		sucos_shape_pocket_qcov	
a71ev2a-x2513a__1__1.A__1.X	a71ev2a-x2513a__1__1.X	7hzo__1__1.A__1.D	7hzo__1__1.D	1.A:1.A	foldseek	99		sucos_shape_pocket_qcov	
a71ev2a-x4824b__1__1.C__1.X	a71ev2a-x4824b__1__1.X	7i5c__2__1.B__1.G	7i5c__2__1.G	1.C:1.B	foldseek	100		sucos_shape_pocket_qcov	
a71ev2a-x7259a__1__1.A__1.X	a71ev2a-x7259a__1__1.X	7i3m__1__1.A__1.C	7i3m__1__1.C	1.A:1.A	foldseek	78		sucos_shape_pocket_qcov	
a71ev2a-x5879a__1__1.A__1.X	a71ev2a-x5879a__1__1.X	7hyx__1__1.A__1.B	7hyx__1__1.B	1.A:1.A	foldseek	83		sucos_shape_pocket_qcov	
a71ev2a-x0229a__1__1.A__1.X	a71ev2a-x0229a__1__1.X	7h2z__1__1.A__1.B	7h2z__1__1.B	1.A:1.A	foldseek	100		sucos_shape_pocket_qcov	
a71ev2a-x4918a__1__1.A__1.X	a71ev2a-x4918a__1__1.X	7i64__1__1.A__1.B	7i64__1__1.B	1.A:1.A	foldseek	100		sucos_shape_pocket_qcov	
a71ev2a-x4476a__1__1.A__1.X	a71ev2a-x4476a__1__1.X	7hz5__1__1.A__1.C	7hz5__1__1.C	1.A:1.A	foldseek	100		sucos_shape_pocket_qcov	
a71ev2a-x6895a__1__1.A__1.X	a71ev2a-x6895a__1__1.X	7i3m__1__1.A__1.C	7i3m__1__1.C	1.A:1.A	foldseek	77		sucos_shape_pocket_qcov	
a71ev2a-x7576b__1__1.C__1.X	a71ev2a-x7576b__1__1.X	7i7x__1__1.A__1.C	7i7x__1__1.C	1.C:1.A	foldseek	88		sucos_shape_pocket_qcov	
a71ev2a-x4472a__1__1.A__1.X	a71ev2a-x4472a__1__1.X	7i3j__1__1.A__1.C	7i3j__1__1.C	1.A:1.A	foldseek	100		sucos_shape_pocket_qcov	
a71ev2a-x3485a__1__1.A__1.X	a71ev2a-x3485a__1__1.X	7hvc__1__1.A__1.B	7hvc__1__1.B	1.A:1.A	foldseek	100		sucos_shape_pocket_qcov	
a71ev2a-x2454a__1__1.A__1.X	a71ev2a-x2454a__1__1.X	7h44__1__1.A__1.C	7h44__1__1.C	1.A:1.A	foldseek	62		sucos_shape_pocket_qcov	
a71ev2a-x4346a__1__1.A__1.X	a71ev2a-x4346a__1__1.X	7hya__1__1.A__1.B	7hya__1__1.B	1.A:1.A	foldseek	100		sucos_shape_pocket_qcov	
a71ev2a-x6853a__1__1.A__1.X	a71ev2a-x6853a__1__1.X	7i4a__1__1.A__1.B	7i4a__1__1.B	1.A:1.A	foldseek	84		sucos_shape_pocket_qcov	
a71ev2a-x4943b__1__1.C__1.X	a71ev2a-x4943b__1__1.X	7i6b__2__1.B__1.F	7i6b__2__1.F	1.C:1.B	foldseek	100		sucos_shape_pocket_qcov	
a71ev2a-x7350b__1__1.A__1.X	a71ev2a-x7350b__1__1.X	7i7j__1__1.A__1.C	7i7j__1__1.C	1.A:1.A	foldseek	74		sucos_shape_pocket_qcov	
a71ev2a-x4784a__1__1.A__1.X	a71ev2a-x4784a__1__1.X	7i54__1__1.A__1.C	7i54__1__1.C	1.A:1.A	foldseek	100		sucos_shape_pocket_qcov	
a71ev2a-x0884a__1__1.A__1.X	a71ev2a-x0884a__1__1.X	7h4k__1__1.A__1.B	7h4k__1__1.B	1.A:1.A	foldseek	100		sucos_shape_pocket_qcov	
a71ev2a-x7501b__1__1.B__1.X	a71ev2a-x7501b__1__1.X	7i64__1__1.A__1.B	7i64__1__1.B	1.B:1.A	foldseek	82		sucos_shape_pocket_qcov	
a71ev2a-x4298a__1__1.A__1.X	a71ev2a-x4298a__1__1.X	7hxl__1__1.A__1.C	7hxl__1__1.C	1.A:1.A	foldseek	100		sucos_shape_pocket_qcov	
a71ev2a-x4611b__1__1.C__1.X	a71ev2a-x4611b__1__1.X	7i41__1__1.A__1.C	7i41__1__1.C	1.C:1.A	foldseek	100		sucos_shape_pocket_qcov	
a71ev2a-x5687a__1__1.A__1.X	a71ev2a-x5687a__1__1.X	7hyl__1__1.A__1.B	7hyl__1__1.B	1.A:1.A	foldseek	90		sucos_shape_pocket_qcov	
a71ev2a-x5082b__1__1.C__1.X	a71ev2a-x5082b__1__1.X	7i70__2__1.B__1.F	7i70__2__1.F	1.C:1.B	foldseek	100		sucos_shape_pocket_qcov	
a71ev2a-x0900a__1__1.A__1.X	a71ev2a-x0900a__1__1.X	7h4l__1__1.A__1.B	7h4l__1__1.B	1.A:1.A	foldseek	100		sucos_shape_pocket_qcov	
a71ev2a-x3623a__1__1.A__1.X	a71ev2a-x3623a__1__1.X	7hvx__1__1.A__1.C	7hvx__1__1.C	1.A:1.A	foldseek	97		sucos_shape_pocket_qcov	
a71ev2a-x3435a__1__1.A__1.X	a71ev2a-x3435a__1__1.X	7i32__1__1.A__1.C	7i32__1__1.C	1.A:1.A	foldseek	100		sucos_shape_pocket_qcov	
a71ev2a-x1105a__1__1.A__1.X	a71ev2a-x1105a__1__1.X	7h4t__1__1.A__1.B_1.D	7h4t__1__1.B	1.A:1.A	foldseek	100		sucos_shape_pocket_qcov	
a71ev2a-x1128a__1__1.A__1.X	a71ev2a-x1128a__1__1.X	7h4v__1__1.A__1.B	7h4v__1__1.B	1.A:1.A	foldseek	100		sucos_shape_pocket_qcov	
a71ev2a-x5065a__1__1.A__1.X	a71ev2a-x5065a__1__1.X	7i6w__1__1.A__1.C	7i6w__1__1.C	1.A:1.A	foldseek	100		sucos_shape_pocket_qcov	
a71ev2a-x5339b__1__1.C__1.X	a71ev2a-x5339b__1__1.X	7i7v__2__1.B__1.F	7i7v__2__1.F	1.C:1.B	foldseek	100		sucos_shape_pocket_qcov	
a71ev2a-x4445a__1__1.A__1.X	a71ev2a-x4445a__1__1.X	7hyy__1__1.A__1.C	7hyy__1__1.C	1.A:1.A	foldseek	97		sucos_shape_pocket_qcov	
a71ev2a-x3975a__1__1.A__1.X	a71ev2a-x3975a__1__1.X	7hwo__1__1.A__1.B	7hwo__1__1.B	1.A:1.A	foldseek	100		sucos_shape_pocket_qcov	
a71ev2a-x5995a__1__1.A__1.X	a71ev2a-x5995a__1__1.X	7i7b__1__1.A__1.C	7i7b__1__1.C	1.A:1.A	foldseek	85		sucos_shape_pocket_qcov	
a71ev2a-x4827b__1__1.C__1.X	a71ev2a-x4827b__1__1.X	7i5e__2__1.B__1.G	7i5e__2__1.G	1.C:1.B	foldseek	100		sucos_shape_pocket_qcov	
a71ev2a-x3901a__1__1.A__1.X	a71ev2a-x3901a__1__1.X	7hwb__1__1.A__1.C	7hwb__1__1.C	1.A:1.A	foldseek	100		sucos_shape_pocket_qcov	
a71ev2a-x7369b__1__1.C__1.X	a71ev2a-x7369b__1__1.X	7i7x__1__1.A__1.C	7i7x__1__1.C	1.C:1.A	foldseek	84		sucos_shape_pocket_qcov	
a71ev2a-x0911a__1__1.A__1.X	a71ev2a-x0911a__1__1.X	7h4m__1__1.A__1.B	7h4m__1__1.B	1.A:1.A	foldseek	100		sucos_shape_pocket_qcov	
a71ev2a-x5247b__1__1.C__1.X	a71ev2a-x5247b__1__1.X	7i7j__2__1.B__1.F	7i7j__2__1.F	1.C:1.B	foldseek	100		sucos_shape_pocket_qcov	
a71ev2a-x4847a__1__1.A__1.X	a71ev2a-x4847a__1__1.X	7i5n__1__1.A__1.B	7i5n__1__1.B	1.A:1.A	foldseek	100		sucos_shape_pocket_qcov	
a71ev2a-x4656a__1__1.A__1.X	a71ev2a-x4656a__1__1.X	7i6m__1__1.A__1.C	7i6m__1__1.C	1.A:1.A	foldseek	91		sucos_shape_pocket_qcov	
a71ev2a-x5509a__1__1.A__1.X	a71ev2a-x5509a__1__1.X	7i7x__1__1.A__1.C	7i7x__1__1.C	1.A:1.A	foldseek	87		sucos_shape_pocket_qcov	
a71ev2a-x5673a__1__1.A__1.X	a71ev2a-x5673a__1__1.X	7i4k__1__1.A__1.B	7i4k__1__1.B	1.A:1.A	foldseek	92		sucos_shape_pocket_qcov	
a71ev2a-x0237a__1__1.B__1.X	a71ev2a-x0237a__1__1.X	7h30__2__1.B__1.F	7h30__2__1.F	1.B:1.B	foldseek	100		sucos_shape_pocket_qcov	
a71ev2a-x5393a__1__1.A__1.X	a71ev2a-x5393a__1__1.X	7hut__1__1.A__1.C	7hut__1__1.C	1.A:1.A	foldseek	98		sucos_shape_pocket_qcov	
a71ev2a-x0437a__1__1.B__1.X	a71ev2a-x0437a__1__1.X	7hoc__2__1.B__1.F	7hoc__2__1.F	1.B:1.B	foldseek	100		sucos_shape_pocket_qcov	
a71ev2a-x5898a__1__1.A__1.X	a71ev2a-x5898a__1__1.X	7i74__1__1.A__1.B_1.C	7i74__1__1.B	1.A:1.A	foldseek	84		sucos_shape_pocket_qcov	
a71ev2a-x7301a__1__1.A__1.X	a71ev2a-x7301a__1__1.X	7i5c__1__1.A__1.C	7i5c__1__1.C	1.A:1.A	foldseek	85		sucos_shape_pocket_qcov	
a71ev2a-x5604a__1__1.A__1.X	a71ev2a-x5604a__1__1.X	7hyl__1__1.A__1.B	7hyl__1__1.B	1.A:1.A	foldseek	85		sucos_shape_pocket_qcov	
a71ev2a-x4846a__1__1.A__1.X	a71ev2a-x4846a__1__1.X	7i5m__1__1.A__1.B_1.F	7i5m__1__1.B	1.A:1.A	foldseek	100		sucos_shape_pocket_qcov	
a71ev2a-x3280a__1__1.A__1.X	a71ev2a-x3280a__1__1.X	7hzu__1__1.A__1.E_1.F	7hzu__1__1.F	1.A:1.A	foldseek	97		sucos_shape_pocket_qcov	
a71ev2a-x4526a__1__1.A__1.X	a71ev2a-x4526a__1__1.X	7i3n__1__1.A__1.B	7i3n__1__1.B	1.A:1.A	foldseek	99		sucos_shape_pocket_qcov	
a71ev2a-x5489a__1__1.A__1.X	a71ev2a-x5489a__1__1.X	7hyl__1__1.A__1.B	7hyl__1__1.B	1.A:1.A	foldseek	98		sucos_shape_pocket_qcov	
a71ev2a-x0450a__1__1.A__1.X	a71ev2a-x0450a__1__1.X	7h3o__1__1.A__1.B	7h3o__1__1.B	1.A:1.A	foldseek	100		sucos_shape_pocket_qcov	
a71ev2a-x6955b__1__1.C__1.X	a71ev2a-x6955b__1__1.X	7i4o__1__1.A__1.B	7i4o__1__1.B	1.C:1.A	foldseek	80		sucos_shape_pocket_qcov	
a71ev2a-x7491b__1__1.B__1.X	a71ev2a-x7491b__1__1.X	7i5e__1__1.A__1.C	7i5e__1__1.C	1.B:1.A	foldseek	78		sucos_shape_pocket_qcov	
a71ev2a-x6832a__1__1.A__1.X	a71ev2a-x6832a__1__1.X	7i3m__1__1.A__1.C	7i3m__1__1.C	1.A:1.A	foldseek	78		sucos_shape_pocket_qcov	
a71ev2a-x5758a__1__1.A__1.X	a71ev2a-x5758a__1__1.X	7i7x__2__1.B__1.E	7i7x__2__1.E	1.A:1.B	foldseek	96		sucos_shape_pocket_qcov	
a71ev2a-x7475b__1__1.B__1.X	a71ev2a-x7475b__1__1.X	7i3m__1__1.A__1.C	7i3m__1__1.C	1.B:1.A	foldseek	77		sucos_shape_pocket_qcov	
a71ev2a-x4736a__1__1.A__1.X	a71ev2a-x4736a__1__1.X	7i4r__1__1.A__1.B	7i4r__1__1.B	1.A:1.A	foldseek	100		sucos_shape_pocket_qcov	
a71ev2a-x5494a__1__1.A__1.X	a71ev2a-x5494a__1__1.X	7i7x__2__1.B__1.E	7i7x__2__1.E	1.A:1.B	foldseek	89		sucos_shape_pocket_qcov	
a71ev2a-x4541b__1__1.C__1.X	a71ev2a-x4541b__1__1.X	7hzf__2__1.B__1.E	7hzf__2__1.E	1.C:1.B	foldseek	100		sucos_shape_pocket_qcov	
a71ev2a-x4786a__1__1.A__1.X	a71ev2a-x4786a__1__1.X	7i55__1__1.A__1.C	7i55__1__1.C	1.A:1.A	foldseek	100		sucos_shape_pocket_qcov	
a71ev2a-x5213b__1__1.C__1.X	a71ev2a-x5213b__1__1.X	7i7e__2__1.B__1.F	7i7e__2__1.F	1.C:1.B	foldseek	100		sucos_shape_pocket_qcov	
a71ev2a-x5073a__1__1.A__1.X	a71ev2a-x5073a__1__1.X	7i6x__1__1.A__1.B	7i6x__1__1.B	1.A:1.A	foldseek	100		sucos_shape_pocket_qcov	
a71ev2a-x3218a__1__1.A__1.X	a71ev2a-x3218a__1__1.X	7huv__1__1.A__1.B	7huv__1__1.B	1.A:1.A	foldseek	100		sucos_shape_pocket_qcov	
a71ev2a-x5022a__1__1.A__1.X	a71ev2a-x5022a__1__1.X	7i6s__1__1.A__1.C	7i6s__1__1.C	1.A:1.A	foldseek	100		sucos_shape_pocket_qcov	
a71ev2a-x3546a__1__1.A__1.X	a71ev2a-x3546a__1__1.X	7hvh__1__1.A__1.B	7hvh__1__1.B	1.A:1.A	foldseek	100		sucos_shape_pocket_qcov	
a71ev2a-x3489a__1__1.A__1.X	a71ev2a-x3489a__1__1.X	7hve__1__1.A__1.B	7hve__1__1.B	1.A:1.A	foldseek	100		sucos_shape_pocket_qcov	
a71ev2a-x0412a__1__1.A__1.X	a71ev2a-x0412a__1__1.X	7h3j__1__1.A__1.B_1.C	7h3j__1__1.B	1.A:1.A	foldseek	100		sucos_shape_pocket_qcov	
a71ev2a-x5584a__1__1.A__1.X	a71ev2a-x5584a__1__1.X	7i5f__1__1.A__1.C	7i5f__1__1.C	1.A:1.A	foldseek	84		sucos_shape_pocket_qcov	
a71ev2a-x7024a__1__1.A__1.X	a71ev2a-x7024a__1__1.X	7i64__1__1.A__1.B	7i64__1__1.B	1.A:1.A	foldseek	79		sucos_shape_pocket_qcov	
a71ev2a-x7430a__1__1.A__1.X	a71ev2a-x7430a__1__1.X	7i3m__1__1.A__1.C	7i3m__1__1.C	1.A:1.A	foldseek	77		sucos_shape_pocket_qcov	
a71ev2a-x5213a__1__1.A__1.X	a71ev2a-x5213a__1__1.X	7i7e__1__1.A__1.C	7i7e__1__1.C	1.A:1.A	foldseek	100		sucos_shape_pocket_qcov	
a71ev2a-x4331b__1__1.C__1.X	a71ev2a-x4331b__1__1.X	7hy2__2__1.B__1.E	7hy2__2__1.E	1.C:1.B	foldseek	100		sucos_shape_pocket_qcov	
a71ev2a-x4031a__1__1.A__1.X	a71ev2a-x4031a__1__1.X	7hx3__1__1.A__1.C	7hx3__1__1.C	1.A:1.A	foldseek	100		sucos_shape_pocket_qcov	
a71ev2a-x4541a__1__1.A__1.X	a71ev2a-x4541a__1__1.X	7hzf__1__1.A__1.C	7hzf__1__1.C	1.A:1.A	foldseek	100		sucos_shape_pocket_qcov	
a71ev2a-x5635b__1__1.C__1.X	a71ev2a-x5635b__1__1.X	7i4d__1__1.A__1.B	7i4d__1__1.B	1.C:1.A	foldseek	80		sucos_shape_pocket_qcov	
a71ev2a-x3436a__1__1.A__1.X	a71ev2a-x3436a__1__1.X	7i33__1__1.A__1.C	7i33__1__1.C	1.A:1.A	foldseek	100		sucos_shape_pocket_qcov	
a71ev2a-x7147a__1__1.A__1.X	a71ev2a-x7147a__1__1.X	7i3m__1__1.A__1.C	7i3m__1__1.C	1.A:1.A	foldseek	76		sucos_shape_pocket_qcov	
a71ev2a-x5210a__1__1.A__1.X	a71ev2a-x5210a__1__1.X	7i7c__1__1.A__1.C	7i7c__1__1.C	1.A:1.A	foldseek	100		sucos_shape_pocket_qcov	
a71ev2a-x7154a__1__1.A__1.X	a71ev2a-x7154a__1__1.X	7i3m__1__1.A__1.C	7i3m__1__1.C	1.A:1.A	foldseek	74		sucos_shape_pocket_qcov	
a71ev2a-x7317a__1__1.A__1.X	a71ev2a-x7317a__1__1.X	7i3m__1__1.A__1.C	7i3m__1__1.C	1.A:1.A	foldseek	82		sucos_shape_pocket_qcov	
a71ev2a-x4940a__1__1.A__1.X	a71ev2a-x4940a__1__1.X	7i6a__1__1.A__1.B	7i6a__1__1.B	1.A:1.A	foldseek	100		sucos_shape_pocket_qcov	
a71ev2a-x7132a__1__1.A__1.X	a71ev2a-x7132a__1__1.X	7i3m__1__1.A__1.C	7i3m__1__1.C	1.A:1.A	foldseek	75		sucos_shape_pocket_qcov	
a71ev2a-x3191a__1__1.A__1.X	a71ev2a-x3191a__1__1.X	7huo__1__1.A__1.B	7huo__1__1.B	1.A:1.A	foldseek	100		sucos_shape_pocket_qcov	
a71ev2a-x5028a__1__1.A__1.X	a71ev2a-x5028a__1__1.X	7i4o__1__1.A__1.B	7i4o__1__1.B	1.A:1.A	foldseek	94		sucos_shape_pocket_qcov	
a71ev2a-x7130a__1__1.A__1.X	a71ev2a-x7130a__1__1.X	7i64__1__1.A__1.B	7i64__1__1.B	1.A:1.A	foldseek	77		sucos_shape_pocket_qcov	
a71ev2a-x5539b__1__1.C__1.X	a71ev2a-x5539b__1__1.X	7i5c__2__1.B__1.G	7i5c__2__1.G	1.C:1.B	foldseek	93		sucos_shape_pocket_qcov	
a71ev2a-x3939a__1__1.A__1.X	a71ev2a-x3939a__1__1.X	7hwg__1__1.A__1.C	7hwg__1__1.C	1.A:1.A	foldseek	100		sucos_shape_pocket_qcov	
a71ev2a-x4316a__1__1.A__1.X	a71ev2a-x4316a__1__1.X	7hxw__1__1.A__1.C	7hxw__1__1.C	1.A:1.A	foldseek	100		sucos_shape_pocket_qcov	
a71ev2a-x3944a__1__1.A__1.X	a71ev2a-x3944a__1__1.X	7hwj__1__1.A__1.B	7hwj__1__1.B	1.A:1.A	foldseek	100		sucos_shape_pocket_qcov	
a71ev2a-x7071a__1__1.A__1.X	a71ev2a-x7071a__1__1.X	7i4a__1__1.A__1.B	7i4a__1__1.B	1.A:1.A	foldseek	86		sucos_shape_pocket_qcov	
a71ev2a-x1080a__1__1.A__1.X	a71ev2a-x1080a__1__1.X	7h4q__1__1.A__1.B	7h4q__1__1.B	1.A:1.A	foldseek	100		sucos_shape_pocket_qcov	
a71ev2a-x4883b__1__1.C__1.X	a71ev2a-x4883b__1__1.X	7i5w__2__1.B__1.F	7i5w__2__1.F	1.C:1.B	foldseek	100		sucos_shape_pocket_qcov	
a71ev2a-x4559b__1__1.C__1.X	a71ev2a-x4559b__1__1.X	7i3q__2__1.B__1.F	7i3q__2__1.F	1.C:1.B	foldseek	100		sucos_shape_pocket_qcov	
a71ev2a-x0395a__1__1.A__1.X	a71ev2a-x0395a__1__1.X	7h3h__1__1.A__1.B_1.D	7h3h__1__1.B	1.A:1.A	foldseek	100		sucos_shape_pocket_qcov	
a71ev2a-x4031b__1__1.C__1.X	a71ev2a-x4031b__1__1.X	7hx3__2__1.B__1.F	7hx3__2__1.F	1.C:1.B	foldseek	100		sucos_shape_pocket_qcov	
a71ev2a-x0446a__1__1.A__1.X	a71ev2a-x0446a__1__1.X	7h3n__1__1.A__1.B	7h3n__1__1.B	1.A:1.A	foldseek	100		sucos_shape_pocket_qcov	
a71ev2a-x6730a__1__1.A__1.X	a71ev2a-x6730a__1__1.X	7hyt__1__1.A__1.B	7hyt__1__1.B	1.A:1.A	foldseek	71		sucos_shape_pocket_qcov	
a71ev2a-x5598b__1__1.C__1.X	a71ev2a-x5598b__1__1.X	7i6m__2__1.B__1.G	7i6m__2__1.G	1.C:1.B	foldseek	90		sucos_shape_pocket_qcov	
a71ev2a-x3557a__1__1.A__1.X	a71ev2a-x3557a__1__1.X	7hvl__1__1.A__1.C	7hvl__1__1.C	1.A:1.A	foldseek	100		sucos_shape_pocket_qcov	
a71ev2a-x0719b__1__1.A__1.X	a71ev2a-x0719b__1__1.X	7h4c__1__1.A__1.B	7h4c__1__1.B	1.A:1.A	foldseek	100		sucos_shape_pocket_qcov	
a71ev2a-x4829a__1__1.A__1.X	a71ev2a-x4829a__1__1.X	7i5f__1__1.A__1.C	7i5f__1__1.C	1.A:1.A	foldseek	100		sucos_shape_pocket_qcov	
a71ev2a-x4347a__1__1.A__1.X	a71ev2a-x4347a__1__1.X	7hyb__1__1.A__1.B	7hyb__1__1.B	1.A:1.A	foldseek	100		sucos_shape_pocket_qcov	
a71ev2a-x4456a__1__1.A__1.X	a71ev2a-x4456a__1__1.X	7hz2__1__1.A__1.C	7hz2__1__1.C	1.A:1.A	foldseek	100		sucos_shape_pocket_qcov	
a71ev2a-x4873b__1__1.C__1.X	a71ev2a-x4873b__1__1.X	7i5r__2__1.B__1.H	7i5r__2__1.H	1.C:1.B	foldseek	100		sucos_shape_pocket_qcov	
a71ev2a-x7372a__1__1.A__1.X	a71ev2a-x7372a__1__1.X	7i3m__1__1.A__1.C	7i3m__1__1.C	1.A:1.A	foldseek	81		sucos_shape_pocket_qcov	
a71ev2a-x3222a__1__1.A__1.X	a71ev2a-x3222a__1__1.X	7hzr__1__1.A__1.D	7hzr__1__1.D	1.A:1.A	foldseek	100		sucos_shape_pocket_qcov	
a71ev2a-x7501a__1__1.A__1.X	a71ev2a-x7501a__1__1.X	7i5e__1__1.A__1.C	7i5e__1__1.C	1.A:1.A	foldseek	82		sucos_shape_pocket_qcov	
a71ev2a-x4415a__1__1.A__1.X	a71ev2a-x4415a__1__1.X	7hyr__1__1.A__1.B	7hyr__1__1.B	1.A:1.A	foldseek	100		sucos_shape_pocket_qcov	
a71ev2a-x3483a__1__1.A__1.X	a71ev2a-x3483a__1__1.X	7hvb__1__1.A__1.B	7hvb__1__1.B	1.A:1.A	foldseek	100		sucos_shape_pocket_qcov	
a71ev2a-x4406a__1__1.A__1.X	a71ev2a-x4406a__1__1.X	7i3e__1__1.A__1.C	7i3e__1__1.C	1.A:1.A	foldseek	92		sucos_shape_pocket_qcov	
a71ev2a-x6841a__1__1.A__1.X	a71ev2a-x6841a__1__1.X	7i4a__1__1.A__1.B	7i4a__1__1.B	1.A:1.A	foldseek	82		sucos_shape_pocket_qcov	
a71ev2a-x4489b__1__1.C__1.X	a71ev2a-x4489b__1__1.X	7hwm__2__1.B__1.F	7hwm__2__1.F	1.C:1.B	foldseek	99		sucos_shape_pocket_qcov	
a71ev2a-x4746a__1__1.A__1.X	a71ev2a-x4746a__1__1.X	7i4v__1__1.A__1.C	7i4v__1__1.C	1.A:1.A	foldseek	100		sucos_shape_pocket_qcov	
a71ev2a-x4771a__1__1.A__1.X	a71ev2a-x4771a__1__1.X	7i50__1__1.A__1.C	7i50__1__1.C	1.A:1.A	foldseek	100		sucos_shape_pocket_qcov	
a71ev2a-x1180a__1__1.A__1.X	a71ev2a-x1180a__1__1.X	7h51__1__1.A__1.C_1.E	7h51__1__1.E	1.A:1.A	foldseek	90		sucos_shape_pocket_qcov	
a71ev2a-x4032a__1__1.A__1.X	a71ev2a-x4032a__1__1.X	7hx4__1__1.A__1.C	7hx4__1__1.C	1.A:1.A	foldseek	100		sucos_shape_pocket_qcov	
a71ev2a-x4924a__1__1.A__1.X	a71ev2a-x4924a__1__1.X	7i6t__2__1.B__1.F	7i6t__2__1.F	1.A:1.B	foldseek	96		sucos_shape_pocket_qcov	
a71ev2a-x1084a__1__1.A__1.X	a71ev2a-x1084a__1__1.X	7h4s__1__1.A__1.B	7h4s__1__1.B	1.A:1.A	foldseek	100		sucos_shape_pocket_qcov	
a71ev2a-x4312a__1__1.A__1.X	a71ev2a-x4312a__1__1.X	7hxt__1__1.A__1.C	7hxt__1__1.C	1.A:1.A	foldseek	100		sucos_shape_pocket_qcov	
a71ev2a-x4580b__1__1.C__1.X	a71ev2a-x4580b__1__1.X	7i3v__2__1.B__1.F	7i3v__2__1.F	1.C:1.B	foldseek	100		sucos_shape_pocket_qcov	
a71ev2a-x4303a__1__1.A__1.X	a71ev2a-x4303a__1__1.X	7hxm__1__1.A__1.C	7hxm__1__1.C	1.A:1.A	foldseek	100		sucos_shape_pocket_qcov	
a71ev2a-x4874b__1__1.C__1.X	a71ev2a-x4874b__1__1.X	7i5s__2__1.B__1.F	7i5s__2__1.F	1.C:1.B	foldseek	100		sucos_shape_pocket_qcov	
a71ev2a-x1145b__1__1.A__1.X	a71ev2a-x1145b__1__1.X	7h4x__1__1.A__1.B	7h4x__1__1.B	1.A:1.A	foldseek	100		sucos_shape_pocket_qcov	
a71ev2a-x6948a__1__1.A__1.X	a71ev2a-x6948a__1__1.X	7i7x__1__1.A__1.C	7i7x__1__1.C	1.A:1.A	foldseek	82		sucos_shape_pocket_qcov	
a71ev2a-x3914a__1__1.A__1.X	a71ev2a-x3914a__1__1.X	7hwd__1__1.A__1.B	7hwd__1__1.B	1.A:1.A	foldseek	100		sucos_shape_pocket_qcov	
a71ev2a-x4214a__1__1.A__1.X	a71ev2a-x4214a__1__1.X	7hxa__1__1.A__1.C	7hxa__1__1.C	1.A:1.A	foldseek	94		sucos_shape_pocket_qcov	
a71ev2a-x4877a__1__1.A__1.X	a71ev2a-x4877a__1__1.X	7i5t__1__1.A__1.C	7i5t__1__1.C	1.A:1.A	foldseek	100		sucos_shape_pocket_qcov	
a71ev2a-x7369a__1__1.A__1.X	a71ev2a-x7369a__1__1.X	7i7x__1__1.A__1.C	7i7x__1__1.C	1.A:1.A	foldseek	84		sucos_shape_pocket_qcov	
a71ev2a-x3210a__1__1.A__1.X	a71ev2a-x3210a__1__1.X	7huu__1__1.A__1.B	7huu__1__1.B	1.A:1.A	foldseek	100		sucos_shape_pocket_qcov	
a71ev2a-x5868a__1__1.A__1.X	a71ev2a-x5868a__1__1.X	7i68__1__1.A__1.B	7i68__1__1.B	1.A:1.A	foldseek	79		sucos_shape_pocket_qcov	
a71ev2a-x4836a__1__1.A__1.X	a71ev2a-x4836a__1__1.X	7i5g__1__1.A__1.B	7i5g__1__1.B	1.A:1.A	foldseek	100		sucos_shape_pocket_qcov	
a71ev2a-x5262a__1__1.A__1.X	a71ev2a-x5262a__1__1.X	7i7n__1__1.A__1.C	7i7n__1__1.C	1.A:1.A	foldseek	100		sucos_shape_pocket_qcov	
a71ev2a-x3201a__1__1.A__1.X	a71ev2a-x3201a__1__1.X	7hur__1__1.A__1.B	7hur__1__1.B	1.A:1.A	foldseek	100		sucos_shape_pocket_qcov	
a71ev2a-x0812a__1__1.A__1.X	a71ev2a-x0812a__1__1.X	7h4f__1__1.A__1.B	7h4f__1__1.B	1.A:1.A	foldseek	100		sucos_shape_pocket_qcov	
a71ev2a-x0556a__1__1.A__1.X	a71ev2a-x0556a__1__1.X	7h45__1__1.A__1.B	7h45__1__1.B	1.A:1.A	foldseek	100		sucos_shape_pocket_qcov	
a71ev2a-x6938a__1__1.A__1.X	a71ev2a-x6938a__1__1.X	7i4o__1__1.A__1.B	7i4o__1__1.B	1.A:1.A	foldseek	84		sucos_shape_pocket_qcov	
a71ev2a-x7021a__1__1.A__1.X	a71ev2a-x7021a__1__1.X	7i5c__1__1.A__1.C	7i5c__1__1.C	1.A:1.A	foldseek	81		sucos_shape_pocket_qcov	
a71ev2a-x4409a__1__1.A__1.X	a71ev2a-x4409a__1__1.X	7hyq__1__1.A__1.C	7hyq__1__1.C	1.A:1.A	foldseek	88		sucos_shape_pocket_qcov	
a71ev2a-x5581a__1__1.A__1.X	a71ev2a-x5581a__1__1.X	7i5e__1__1.A__1.C	7i5e__1__1.C	1.A:1.A	foldseek	89		sucos_shape_pocket_qcov	
a71ev2a-x4320a__1__1.A__1.X	a71ev2a-x4320a__1__1.X	7i3d__1__1.A__1.C	7i3d__1__1.C	1.A:1.A	foldseek	94		sucos_shape_pocket_qcov	
a71ev2a-x4798a__1__1.A__1.X	a71ev2a-x4798a__1__1.X	7i58__1__1.A__1.B	7i58__1__1.B	1.A:1.A	foldseek	99		sucos_shape_pocket_qcov	
a71ev2a-x4742b__1__1.C__1.X	a71ev2a-x4742b__1__1.X	7i4t__2__1.B__1.E	7i4t__2__1.E	1.C:1.B	foldseek	100		sucos_shape_pocket_qcov	
a71ev2a-x4963b__1__1.C__1.X	a71ev2a-x4963b__1__1.X	7i6g__2__1.B__1.F	7i6g__2__1.F	1.C:1.B	foldseek	100		sucos_shape_pocket_qcov	
a71ev2a-x0228a__1__1.A__1.X	a71ev2a-x0228a__1__1.X	7h2y__1__1.A__1.B	7h2y__1__1.B	1.A:1.A	foldseek	98		sucos_shape_pocket_qcov	
a71ev2a-x4673b__1__1.C__1.X	a71ev2a-x4673b__1__1.X	7i47__2__1.B__1.G_1.H	7i47__2__1.G	1.C:1.B	foldseek	100		sucos_shape_pocket_qcov	
a71ev2a-x5016a__1__1.A__1.X	a71ev2a-x5016a__1__1.X	7i6r__1__1.A__1.B	7i6r__1__1.B	1.A:1.A	foldseek	100		sucos_shape_pocket_qcov	
a71ev2a-x4899a__1__1.A__1.X	a71ev2a-x4899a__1__1.X	7i60__1__1.A__1.C	7i60__1__1.C	1.A:1.A	foldseek	100		sucos_shape_pocket_qcov	
a71ev2a-x4654a__1__1.A__1.X	a71ev2a-x4654a__1__1.X	7i44__1__1.A__1.B	7i44__1__1.B	1.A:1.A	foldseek	100		sucos_shape_pocket_qcov	
a71ev2a-x5283a__1__1.A__1.X	a71ev2a-x5283a__1__1.X	7i7r__1__1.A__1.C	7i7r__1__1.C	1.A:1.A	foldseek	100		sucos_shape_pocket_qcov	
a71ev2a-x3618b__1__1.A__1.X	a71ev2a-x3618b__1__1.X	7hxm__1__1.A__1.C	7hxm__1__1.C	1.A:1.A	foldseek	85		sucos_shape_pocket_qcov	
a71ev2a-x3054a__1__1.A__1.X	a71ev2a-x3054a__1__1.X	7hug__1__1.A__1.B	7hug__1__1.B	1.A:1.A	foldseek	100		sucos_shape_pocket_qcov	
a71ev2a-x0310a__1__1.A__1.X	a71ev2a-x0310a__1__1.X	7h36__1__1.A__1.B	7h36__1__1.B	1.A:1.A	foldseek	100		sucos_shape_pocket_qcov	
a71ev2a-x5247a__1__1.A__1.X	a71ev2a-x5247a__1__1.X	7i7j__1__1.A__1.C	7i7j__1__1.C	1.A:1.A	foldseek	100		sucos_shape_pocket_qcov	
a71ev2a-x3993a__1__1.A__1.X	a71ev2a-x3993a__1__1.X	7hww__1__1.A__1.C	7hww__1__1.C	1.A:1.A	foldseek	100		sucos_shape_pocket_qcov	
a71ev2a-x3908a__1__1.A__1.X	a71ev2a-x3908a__1__1.X	7hwc__1__1.A__1.C	7hwc__1__1.C	1.A:1.A	foldseek	100		sucos_shape_pocket_qcov	
a71ev2a-x3178a__1__1.A__1.X	a71ev2a-x3178a__1__1.X	7huk__1__1.A__1.C	7huk__1__1.C	1.A:1.A	foldseek	100		sucos_shape_pocket_qcov	
a71ev2a-x4959a__1__1.A__1.X	a71ev2a-x4959a__1__1.X	7i6f__1__1.A__1.C	7i6f__1__1.C	1.A:1.A	foldseek	100		sucos_shape_pocket_qcov	
a71ev2a-x5425b__1__1.C__1.X	a71ev2a-x5425b__1__1.X	7hxb__1__1.A__1.C	7hxb__1__1.C	1.C:1.A	foldseek	99		sucos_shape_pocket_qcov	
a71ev2a-x3575a__1__1.A__1.X	a71ev2a-x3575a__1__1.X	7hvq__1__1.A__1.B	7hvq__1__1.B	1.A:1.A	foldseek	100		sucos_shape_pocket_qcov	
a71ev2a-x4874a__1__1.A__1.X	a71ev2a-x4874a__1__1.X	7i5s__1__1.A__1.C	7i5s__1__1.C	1.A:1.A	foldseek	100		sucos_shape_pocket_qcov	
a71ev2a-x3581a__1__1.A__1.X	a71ev2a-x3581a__1__1.X	7hvs__1__1.A__1.B	7hvs__1__1.B	1.A:1.A	foldseek	100		sucos_shape_pocket_qcov	
a71ev2a-x7190a__1__1.A__1.X	a71ev2a-x7190a__1__1.X	7i3m__1__1.A__1.C	7i3m__1__1.C	1.A:1.A	foldseek	73		sucos_shape_pocket_qcov	
a71ev2a-x5052a__1__1.A__1.X	a71ev2a-x5052a__1__1.X	7i6v__1__1.A__1.C	7i6v__1__1.C	1.A:1.A	foldseek	100		sucos_shape_pocket_qcov	
a71ev2a-x5449b__1__1.C__1.X	a71ev2a-x5449b__1__1.X	7i7x__1__1.A__1.C	7i7x__1__1.C	1.C:1.A	foldseek	94		sucos_shape_pocket_qcov	
a71ev2a-x6739a__1__1.A__1.X	a71ev2a-x6739a__1__1.X	7i7x__2__1.B__1.E	7i7x__2__1.E	1.A:1.B	foldseek	75		sucos_shape_pocket_qcov	
a71ev2a-x6797a__1__1.A__1.X	a71ev2a-x6797a__1__1.X	7i73__1__1.A__1.C	7i73__1__1.C	1.A:1.A	foldseek	70		sucos_shape_pocket_qcov	
a71ev2a-x3371a__1__1.A__1.X	a71ev2a-x3371a__1__1.X	7hv5__1__1.A__1.C	7hv5__1__1.C	1.A:1.A	foldseek	100		sucos_shape_pocket_qcov	
a71ev2a-x5599a__1__1.A__1.X	a71ev2a-x5599a__1__1.X	7i5c__1__1.A__1.C	7i5c__1__1.C	1.A:1.A	foldseek	94		sucos_shape_pocket_qcov	
a71ev2a-x5489b__1__1.C__1.X	a71ev2a-x5489b__1__1.X	7hx6__2__1.B__1.F	7hx6__2__1.F	1.C:1.B	foldseek	98		sucos_shape_pocket_qcov	
a71ev2a-x0432a__1__1.A__1.X	a71ev2a-x0432a__1__1.X	7h3m__1__1.A__1.B_1.C	7h3m__1__1.B	1.A:1.A	foldseek	100		sucos_shape_pocket_qcov	
a71ev2a-x3890a__1__1.A__1.X	a71ev2a-x3890a__1__1.X	7hw9__1__1.A__1.C_1.F	7hw9__1__1.C	1.A:1.A	foldseek	100		sucos_shape_pocket_qcov	
a71ev2a-x1209a__1__1.B__1.X	a71ev2a-x1209a__1__1.X	7h52__2__1.B__1.F	7h52__2__1.F	1.B:1.B	foldseek	100		sucos_shape_pocket_qcov	
a71ev2a-x5081b__1__1.C__1.X	a71ev2a-x5081b__1__1.X	7i6z__2__1.B__1.G	7i6z__2__1.G	1.C:1.B	foldseek	100		sucos_shape_pocket_qcov	
a71ev2a-x3286a__1__1.A__1.X	a71ev2a-x3286a__1__1.X	7hv1__1__1.A__1.B_1.F	7hv1__1__1.B	1.A:1.A	foldseek	100		sucos_shape_pocket_qcov	
a71ev2a-x3895a__1__1.A__1.X	a71ev2a-x3895a__1__1.X	7hwa__1__1.A__1.B	7hwa__1__1.B	1.A:1.A	foldseek	100		sucos_shape_pocket_qcov	
a71ev2a-x3234a__1__1.A__1.X	a71ev2a-x3234a__1__1.X	7hzt__1__1.A__1.D	7hzt__1__1.D	1.A:1.A	foldseek	100		sucos_shape_pocket_qcov	
a71ev2a-x2629a__1__1.A__1.X	a71ev2a-x2629a__1__1.X	7hzu__1__1.A__1.E_1.F	7hzu__1__1.F	1.A:1.A	foldseek	61		sucos_shape_pocket_qcov	
a71ev2a-x5598a__1__1.A__1.X	a71ev2a-x5598a__1__1.X	7i6m__1__1.A__1.C	7i6m__1__1.C	1.A:1.A	foldseek	88		sucos_shape_pocket_qcov	
a71ev2a-x5039a__1__1.A__1.X	a71ev2a-x5039a__1__1.X	7i6u__1__1.A__1.C	7i6u__1__1.C	1.A:1.A	foldseek	100		sucos_shape_pocket_qcov	
a71ev2a-x3982a__1__1.A__1.X	a71ev2a-x3982a__1__1.X	7hwr__1__1.A__1.B	7hwr__1__1.B	1.A:1.A	foldseek	100		sucos_shape_pocket_qcov	
a71ev2a-x0515a__1__1.A__1.X	a71ev2a-x0515a__1__1.X	7h54__2__1.B__1.F	7h54__2__1.F	1.A:1.B	foldseek	71		sucos_shape_pocket_qcov	
a71ev2a-x5635a__1__1.A__1.X	a71ev2a-x5635a__1__1.X	7i69__1__1.A__1.B	7i69__1__1.B	1.A:1.A	foldseek	73		sucos_shape_pocket_qcov	
a71ev2a-x5850a__1__1.A__1.X	a71ev2a-x5850a__1__1.X	7i4o__1__1.A__1.B	7i4o__1__1.B	1.A:1.A	foldseek	91		sucos_shape_pocket_qcov	
a71ev2a-x7515a__1__1.A__1.X	a71ev2a-x7515a__1__1.X	7i6j__1__1.A__1.C	7i6j__1__1.C	1.A:1.A	foldseek	84		sucos_shape_pocket_qcov	
a71ev2a-x5857a__1__1.A__1.X	a71ev2a-x5857a__1__1.X	7hyl__1__1.A__1.B	7hyl__1__1.B	1.A:1.A	foldseek	85		sucos_shape_pocket_qcov	
a71ev2a-x4794a__1__1.A__1.X	a71ev2a-x4794a__1__1.X	7i57__1__1.A__1.C	7i57__1__1.C	1.A:1.A	foldseek	94		sucos_shape_pocket_qcov	
a71ev2a-x4431a__1__1.A__1.X	a71ev2a-x4431a__1__1.X	7hyx__1__1.A__1.B	7hyx__1__1.B	1.A:1.A	foldseek	100		sucos_shape_pocket_qcov	
a71ev2a-x7436b__1__1.A__1.X	a71ev2a-x7436b__1__1.X	7i3m__1__1.A__1.C	7i3m__1__1.C	1.A:1.A	foldseek	75		sucos_shape_pocket_qcov	
a71ev2a-x3550b__1__1.A__1.X	a71ev2a-x3550b__1__1.X	7hvj__1__1.A__1.B	7hvj__1__1.B	1.A:1.A	foldseek	100		sucos_shape_pocket_qcov	
a71ev2a-x3993b__1__1.C__1.X	a71ev2a-x3993b__1__1.X	7hww__2__1.B__1.F	7hww__2__1.F	1.C:1.B	foldseek	100		sucos_shape_pocket_qcov	
a71ev2a-x0515b__1__1.A__1.X	a71ev2a-x0515b__1__1.X	7h3x__1__1.A__1.C	7h3x__1__1.C	1.A:1.A	foldseek	76		sucos_shape_pocket_qcov	
a71ev2a-x4575a__1__1.A__1.X	a71ev2a-x4575a__1__1.X	7i3u__1__1.A__1.B	7i3u__1__1.B	1.A:1.A	foldseek	100		sucos_shape_pocket_qcov	
a71ev2a-x7491a__1__1.A__1.X	a71ev2a-x7491a__1__1.X	7i64__1__1.A__1.B	7i64__1__1.B	1.A:1.A	foldseek	79		sucos_shape_pocket_qcov	
a71ev2a-x4418a__1__1.A__1.X	a71ev2a-x4418a__1__1.X	7i3f__1__1.A__1.C	7i3f__1__1.C	1.A:1.A	foldseek	100		sucos_shape_pocket_qcov	
a71ev2a-x5091a__1__1.A__1.X	a71ev2a-x5091a__1__1.X	7i72__1__1.A__1.C	7i72__1__1.C	1.A:1.A	foldseek	100		sucos_shape_pocket_qcov	
a71ev2a-x4035a__1__1.A__1.X	a71ev2a-x4035a__1__1.X	7hx5__1__1.A__1.C	7hx5__1__1.C	1.A:1.A	foldseek	100		sucos_shape_pocket_qcov	
a71ev2a-x5359a__1__1.A__1.X	a71ev2a-x5359a__1__1.X	7i7w__1__1.A__1.B_1.C	7i7w__1__1.B	1.A:1.A	foldseek	100		sucos_shape_pocket_qcov	
a71ev2a-x4374a__1__1.A__1.X	a71ev2a-x4374a__1__1.X	7hyi__1__1.A__1.C	7hyi__1__1.C	1.A:1.A	foldseek	100		sucos_shape_pocket_qcov	
a71ev2a-x7260a__1__1.A__1.X	a71ev2a-x7260a__1__1.X	7i5c__1__1.A__1.C	7i5c__1__1.C	1.A:1.A	foldseek	81		sucos_shape_pocket_qcov	
a71ev2a-x5150a__1__1.A__1.X	a71ev2a-x5150a__1__1.X	7i75__1__1.A__1.B	7i75__1__1.B	1.A:1.A	foldseek	100		sucos_shape_pocket_qcov	
a71ev2a-x4028a__1__1.A__1.X	a71ev2a-x4028a__1__1.X	7hx1__1__1.A__1.B	7hx1__1__1.B	1.A:1.A	foldseek	100		sucos_shape_pocket_qcov	
a71ev2a-x1145a__1__1.A__1.X	a71ev2a-x1145a__1__1.X	7h4x__1__1.A__1.C_1.D	7h4x__1__1.C	1.A:1.A	foldseek	100		sucos_shape_pocket_qcov	
a71ev2a-x7011a__1__1.A__1.X	a71ev2a-x7011a__1__1.X	7i3m__1__1.A__1.C	7i3m__1__1.C	1.A:1.A	foldseek	80		sucos_shape_pocket_qcov	
a71ev2a-x4873a__1__1.A__1.X	a71ev2a-x4873a__1__1.X	7i5r__1__1.A__1.C	7i5r__1__1.C	1.A:1.A	foldseek	100		sucos_shape_pocket_qcov	
a71ev2a-x6934a__1__1.A__1.X	a71ev2a-x6934a__1__1.X	7i4a__1__1.A__1.B	7i4a__1__1.B	1.A:1.A	foldseek	84		sucos_shape_pocket_qcov	
a71ev2a-x7254a__1__1.A__1.X	a71ev2a-x7254a__1__1.X	7i64__1__1.A__1.B	7i64__1__1.B	1.A:1.A	foldseek	80		sucos_shape_pocket_qcov	
a71ev2a-x4237a__1__1.A__1.X	a71ev2a-x4237a__1__1.X	7hxb__1__1.A__1.C	7hxb__1__1.C	1.A:1.A	foldseek	100		sucos_shape_pocket_qcov	
a71ev2a-x4674a__1__1.A__1.X	a71ev2a-x4674a__1__1.X	7i48__1__1.A__1.C	7i48__1__1.C	1.A:1.A	foldseek	100		sucos_shape_pocket_qcov	
a71ev2a-x3621a__1__1.A__1.X	a71ev2a-x3621a__1__1.X	7i36__1__1.A__1.C	7i36__1__1.C	1.A:1.A	foldseek	100		sucos_shape_pocket_qcov	
a71ev2a-x7323a__1__1.A__1.X	a71ev2a-x7323a__1__1.X	7i5c__1__1.A__1.C	7i5c__1__1.C	1.A:1.A	foldseek	80		sucos_shape_pocket_qcov	
a71ev2a-x4510a__1__1.A__1.X	a71ev2a-x4510a__1__1.X	7i3m__1__1.A__1.C	7i3m__1__1.C	1.A:1.A	foldseek	100		sucos_shape_pocket_qcov	
a71ev2a-x5525a__1__1.A__1.X	a71ev2a-x5525a__1__1.X	7i7x__1__1.A__1.C	7i7x__1__1.C	1.A:1.A	foldseek	89		sucos_shape_pocket_qcov	
a71ev2a-x0528b__1__1.A__1.X	a71ev2a-x0528b__1__1.X	7h41__1__1.A__1.C	7h41__1__1.C	1.A:1.A	foldseek	100		sucos_shape_pocket_qcov	
a71ev2a-x4237b__1__1.A__1.X	a71ev2a-x4237b__1__1.X	7i3w__1__1.A__1.C	7i3w__1__1.C	1.A:1.A	foldseek	74		sucos_shape_pocket_qcov	
a71ev2a-x4838a__1__1.A__1.X	a71ev2a-x4838a__1__1.X	7i5h__1__1.A__1.B	7i5h__1__1.B	1.A:1.A	foldseek	100		sucos_shape_pocket_qcov	
a71ev2a-x4882b__1__1.C__1.X	a71ev2a-x4882b__1__1.X	7i5v__2__1.B__1.F	7i5v__2__1.F	1.C:1.B	foldseek	100		sucos_shape_pocket_qcov	
a71ev2a-x2972a__1__1.A__1.X	a71ev2a-x2972a__1__1.X	7huf__1__1.A__1.B	7huf__1__1.B	1.A:1.A	foldseek	100		sucos_shape_pocket_qcov	
a71ev2a-x2290a__1__1.A__1.X	a71ev2a-x2290a__1__1.X	7huf__1__1.A__1.B	7huf__1__1.B	1.A:1.A	foldseek	97		sucos_shape_pocket_qcov	
a71ev2a-x7167a__1__1.A__1.X	a71ev2a-x7167a__1__1.X	7i5c__1__1.A__1.C	7i5c__1__1.C	1.A:1.A	foldseek	82		sucos_shape_pocket_qcov	
a71ev2a-x4644b__1__1.C__1.X	a71ev2a-x4644b__1__1.X	7i42__2__1.B__1.F	7i42__2__1.F	1.C:1.B	foldseek	100		sucos_shape_pocket_qcov	
a71ev2a-x4423a__1__1.A__1.X	a71ev2a-x4423a__1__1.X	7hyv__1__1.A__1.B	7hyv__1__1.B	1.A:1.A	foldseek	96		sucos_shape_pocket_qcov	
a71ev2a-x5570a__1__1.A__1.X	a71ev2a-x5570a__1__1.X	7i4d__1__1.A__1.B	7i4d__1__1.B	1.A:1.A	foldseek	86		sucos_shape_pocket_qcov	
a71ev2a-x5452a__1__1.A__1.X	a71ev2a-x5452a__1__1.X	7hyk__1__1.A__1.B	7hyk__1__1.B	1.A:1.A	foldseek	83		sucos_shape_pocket_qcov	
a71ev2a-x5409b__1__1.A__1.X	a71ev2a-x5409b__1__1.X	7i72__1__1.A__1.C	7i72__1__1.C	1.A:1.A	foldseek	68		sucos_shape_pocket_qcov	
a71ev2a-x0566a__1__1.A__1.X	a71ev2a-x0566a__1__1.X	7h46__1__1.A__1.B	7h46__1__1.B	1.A:1.A	foldseek	100		sucos_shape_pocket_qcov	
a71ev2a-x5992a__1__1.A__1.X	a71ev2a-x5992a__1__1.X	7i4o__1__1.A__1.B	7i4o__1__1.B	1.A:1.A	foldseek	93		sucos_shape_pocket_qcov	
a71ev2a-x5203b__1__1.C__1.X	a71ev2a-x5203b__1__1.X	7i7b__2__1.B__1.F	7i7b__2__1.F	1.C:1.B	foldseek	100		sucos_shape_pocket_qcov	
a71ev2a-x5401a__1__1.A__1.X	a71ev2a-x5401a__1__1.X	7i5f__1__1.A__1.C	7i5f__1__1.C	1.A:1.A	foldseek	99		sucos_shape_pocket_qcov	
a71ev2a-x5798b__1__1.C__1.X	a71ev2a-x5798b__1__1.X	7i77__1__1.A__1.C	7i77__1__1.C	1.C:1.A	foldseek	96		sucos_shape_pocket_qcov	
a71ev2a-x5482a__1__1.A__1.X	a71ev2a-x5482a__1__1.X	7i5f__1__1.A__1.C	7i5f__1__1.C	1.A:1.A	foldseek	86		sucos_shape_pocket_qcov	
a71ev2a-x4445b__1__1.C__1.X	a71ev2a-x4445b__1__1.X	7hyy__1__1.A__1.C	7hyy__1__1.C	1.C:1.A	foldseek	96		sucos_shape_pocket_qcov	
a71ev2a-x4777a__1__1.A__1.X	a71ev2a-x4777a__1__1.X	7i52__1__1.A__1.C	7i52__1__1.C	1.A:1.A	foldseek	100		sucos_shape_pocket_qcov	
a71ev2a-x4489a__1__1.A__1.X	a71ev2a-x4489a__1__1.X	7hz6__1__1.A__1.C	7hz6__1__1.C	1.A:1.A	foldseek	95		sucos_shape_pocket_qcov	
a71ev2a-x7161a__1__1.A__1.X	a71ev2a-x7161a__1__1.X	7i3m__1__1.A__1.C	7i3m__1__1.C	1.A:1.A	foldseek	78		sucos_shape_pocket_qcov	
a71ev2a-x5539a__1__1.A__1.X	a71ev2a-x5539a__1__1.X	7i5c__1__1.A__1.C	7i5c__1__1.C	1.A:1.A	foldseek	93		sucos_shape_pocket_qcov	
a71ev2a-x3977b__1__1.A__1.X	a71ev2a-x3977b__1__1.X	7hwp__1__1.A__1.C_1.F	7hwp__1__1.C	1.A:1.A	foldseek	100		sucos_shape_pocket_qcov	
a71ev2a-x0351b__1__1.A__1.X	a71ev2a-x0351b__1__1.X	7h3a__1__1.A__1.D	7h3a__1__1.D	1.A:1.A	foldseek	100		sucos_shape_pocket_qcov	
a71ev2a-x5879b__1__1.C__1.X	a71ev2a-x5879b__1__1.X	7i7x__1__1.A__1.C	7i7x__1__1.C	1.C:1.A	foldseek	87		sucos_shape_pocket_qcov	
a71ev2a-x4519a__1__1.A__1.X	a71ev2a-x4519a__1__1.X	7hza__1__1.A__1.C	7hza__1__1.C	1.A:1.A	foldseek	100		sucos_shape_pocket_qcov	
a71ev2a-x7307a__1__1.A__1.X	a71ev2a-x7307a__1__1.X	7i7x__1__1.A__1.C	7i7x__1__1.C	1.A:1.A	foldseek	80		sucos_shape_pocket_qcov	
a71ev2a-x4386a__1__1.A__1.X	a71ev2a-x4386a__1__1.X	7hyl__1__1.A__1.B	7hyl__1__1.B	1.A:1.A	foldseek	100		sucos_shape_pocket_qcov	
a71ev2a-x4260a__1__1.A__1.X	a71ev2a-x4260a__1__1.X	7hxe__1__1.A__1.B	7hxe__1__1.B	1.A:1.A	foldseek	100		sucos_shape_pocket_qcov	
a71ev2a-x3225a__1__1.A__1.X	a71ev2a-x3225a__1__1.X	7hux__1__1.A__1.B_1.F	7hux__1__1.B	1.A:1.A	foldseek	100		sucos_shape_pocket_qcov	
a71ev2a-x0333a__1__1.A__1.X	a71ev2a-x0333a__1__1.X	7h38__1__1.A__1.B	7h38__1__1.B	1.A:1.A	foldseek	100		sucos_shape_pocket_qcov	
a71ev2a-x4546a__1__1.A__1.X	a71ev2a-x4546a__1__1.X	7i3p__1__1.A__1.B	7i3p__1__1.B	1.A:1.A	foldseek	100		sucos_shape_pocket_qcov	
a71ev2a-x7432a__1__1.A__1.X	a71ev2a-x7432a__1__1.X	7i3m__1__1.A__1.C	7i3m__1__1.C	1.A:1.A	foldseek	79		sucos_shape_pocket_qcov	
a71ev2a-x5452b__1__1.C__1.X	a71ev2a-x5452b__1__1.X	7hxe__1__1.A__1.B	7hxe__1__1.B	1.C:1.A	foldseek	86		sucos_shape_pocket_qcov	
a71ev2a-x4670a__1__1.A__1.X	a71ev2a-x4670a__1__1.X	7i46__1__1.A__1.B	7i46__1__1.B	1.A:1.A	foldseek	100		sucos_shape_pocket_qcov	
a71ev2a-x1140b__1__1.A__1.X	a71ev2a-x1140b__1__1.X	7h4w__1__1.A__1.B	7h4w__1__1.B	1.A:1.A	foldseek	80		sucos_shape_pocket_qcov	
a71ev2a-x3694a__1__1.A__1.X	a71ev2a-x3694a__1__1.X	7hx4__1__1.A__1.C	7hx4__1__1.C	1.A:1.A	foldseek	95		sucos_shape_pocket_qcov	
a71ev2a-x5824b__1__1.C__1.X	a71ev2a-x5824b__1__1.X	7hy6__1__1.A__1.B	7hy6__1__1.B	1.C:1.A	foldseek	76		sucos_shape_pocket_qcov	
a71ev2a-x4463a__1__1.A__1.X	a71ev2a-x4463a__1__1.X	7hz4__1__1.A__1.B	7hz4__1__1.B	1.A:1.A	foldseek	100		sucos_shape_pocket_qcov	
a71ev2a-x4310a__1__1.A__1.X	a71ev2a-x4310a__1__1.X	7hxr__1__1.A__1.C	7hxr__1__1.C	1.A:1.A	foldseek	100		sucos_shape_pocket_qcov	
a71ev2a-x3858b__1__1.C__1.X	a71ev2a-x3858b__1__1.X	7i38__2__1.B__1.F	7i38__2__1.F	1.C:1.B	foldseek	100		sucos_shape_pocket_qcov	
a71ev2a-x0501b__1__1.A__1.X	a71ev2a-x0501b__1__1.X	7h3v__1__1.A__1.D	7h3v__1__1.D	1.A:1.A	foldseek	100		sucos_shape_pocket_qcov	
a71ev2a-x3963b__1__1.C__1.X	a71ev2a-x3963b__1__1.X	7hwm__2__1.B__1.F	7hwm__2__1.F	1.C:1.B	foldseek	100		sucos_shape_pocket_qcov	
a71ev2a-x4851a__1__1.A__1.X	a71ev2a-x4851a__1__1.X	7i5d__1__1.A__1.C	7i5d__1__1.C	1.A:1.A	foldseek	86		sucos_shape_pocket_qcov	
a71ev2a-x6802a__1__1.A__1.X	a71ev2a-x6802a__1__1.X	7i3m__1__1.A__1.C	7i3m__1__1.C	1.A:1.A	foldseek	74		sucos_shape_pocket_qcov	
a71ev2a-x4967a__1__1.A__1.X	a71ev2a-x4967a__1__1.X	7i6h__1__1.A__1.C	7i6h__1__1.C	1.A:1.A	foldseek	96		sucos_shape_pocket_qcov	
a71ev2a-x5747a__1__1.A__1.X	a71ev2a-x5747a__1__1.X	7i7f__1__1.A__1.C	7i7f__1__1.C	1.A:1.A	foldseek	92		sucos_shape_pocket_qcov	
a71ev2a-x6791a__1__1.A__1.X	a71ev2a-x6791a__1__1.X	7hyx__1__1.A__1.B	7hyx__1__1.B	1.A:1.A	foldseek	79		sucos_shape_pocket_qcov	
a71ev2a-x4524a__1__1.A__1.X	a71ev2a-x4524a__1__1.X	7hzb__1__1.A__1.C	7hzb__1__1.C	1.A:1.A	foldseek	83		sucos_shape_pocket_qcov	
a71ev2a-x4324a__1__1.A__1.X	a71ev2a-x4324a__1__1.X	7hy1__1__1.A__1.B	7hy1__1__1.B	1.A:1.A	foldseek	100		sucos_shape_pocket_qcov	
a71ev2a-x5387a__1__1.A__1.X	a71ev2a-x5387a__1__1.X	7i4o__1__1.A__1.B	7i4o__1__1.B	1.A:1.A	foldseek	97		sucos_shape_pocket_qcov	
a71ev2a-x3305a__1__1.A__1.X	a71ev2a-x3305a__1__1.X	7hv2__1__1.A__1.B	7hv2__1__1.B	1.A:1.A	foldseek	100		sucos_shape_pocket_qcov	
a71ev2a-x0152a__1__1.A__1.X	a71ev2a-x0152a__1__1.X	7h2t__1__1.A__1.B	7h2t__1__1.B	1.A:1.A	foldseek	84		sucos_shape_pocket_qcov	
a71ev2a-x3663a__1__1.A__1.X	a71ev2a-x3663a__1__1.X	7hvz__1__1.A__1.C	7hvz__1__1.C	1.A:1.A	foldseek	100		sucos_shape_pocket_qcov	
a71ev2a-x5559a__1__1.A__1.X	a71ev2a-x5559a__1__1.X	7i5f__1__1.A__1.C	7i5f__1__1.C	1.A:1.A	foldseek	91		sucos_shape_pocket_qcov	
a71ev2a-x6973a__1__1.A__1.X	a71ev2a-x6973a__1__1.X	7i4a__1__1.A__1.B	7i4a__1__1.B	1.A:1.A	foldseek	79		sucos_shape_pocket_qcov	
a71ev2a-x5219b__1__1.C__1.X	a71ev2a-x5219b__1__1.X	7i7f__2__1.B__1.F	7i7f__2__1.F	1.C:1.B	foldseek	100		sucos_shape_pocket_qcov	
a71ev2a-x6818a__1__1.A__1.X	a71ev2a-x6818a__1__1.X	7i4a__1__1.A__1.B	7i4a__1__1.B	1.A:1.A	foldseek	84		sucos_shape_pocket_qcov	
a71ev2a-x7044a__1__1.A__1.X	a71ev2a-x7044a__1__1.X	7i7j__1__1.A__1.C	7i7j__1__1.C	1.A:1.A	foldseek	67		sucos_shape_pocket_qcov	
a71ev2a-x3410a__1__1.A__1.X	a71ev2a-x3410a__1__1.X	7hv6__1__1.A__1.B_1.F	7hv6__1__1.B	1.A:1.A	foldseek	100		sucos_shape_pocket_qcov	
a71ev2a-x7169a__1__1.A__1.X	a71ev2a-x7169a__1__1.X	7i3m__1__1.A__1.C	7i3m__1__1.C	1.A:1.A	foldseek	74		sucos_shape_pocket_qcov	
a71ev2a-x5210b__1__1.C__1.X	a71ev2a-x5210b__1__1.X	7i7c__2__1.B__1.F	7i7c__2__1.F	1.C:1.B	foldseek	100		sucos_shape_pocket_qcov	
a71ev2a-x4883a__1__1.A__1.X	a71ev2a-x4883a__1__1.X	7i5w__1__1.A__1.C	7i5w__1__1.C	1.A:1.A	foldseek	100		sucos_shape_pocket_qcov	
a71ev2a-x3992b__1__1.C__1.X	a71ev2a-x3992b__1__1.X	7hwv__2__1.B__1.F	7hwv__2__1.F	1.C:1.B	foldseek	100		sucos_shape_pocket_qcov	
a71ev2a-x7317b__1__1.A__1.X	a71ev2a-x7317b__1__1.X	7i3m__1__1.A__1.C	7i3m__1__1.C	1.A:1.A	foldseek	81		sucos_shape_pocket_qcov	
a71ev2a-x3207a__1__1.A__1.X	a71ev2a-x3207a__1__1.X	7hus__1__1.A__1.B	7hus__1__1.B	1.A:1.A	foldseek	100		sucos_shape_pocket_qcov	
a71ev2a-x4949a__1__1.A__1.X	a71ev2a-x4949a__1__1.X	7i6d__1__1.A__1.B	7i6d__1__1.B	1.A:1.A	foldseek	99		sucos_shape_pocket_qcov	
a71ev2a-x6035a__1__1.A__1.X	a71ev2a-x6035a__1__1.X	7i7x__1__1.A__1.C	7i7x__1__1.C	1.A:1.A	foldseek	82		sucos_shape_pocket_qcov	
a71ev2a-x5830a__1__1.A__1.X	a71ev2a-x5830a__1__1.X	7i5c__1__1.A__1.C	7i5c__1__1.C	1.A:1.A	foldseek	91		sucos_shape_pocket_qcov	
a71ev2a-x4727a__1__1.A__1.X	a71ev2a-x4727a__1__1.X	7i4p__1__1.A__1.B	7i4p__1__1.B	1.A:1.A	foldseek	100		sucos_shape_pocket_qcov	
a71ev2a-x4449b__1__1.C__1.X	a71ev2a-x4449b__1__1.X	7hz0__2__1.B__1.F	7hz0__2__1.F	1.C:1.B	foldseek	100		sucos_shape_pocket_qcov	
a71ev2a-x0515c__1__1.A__1.X	a71ev2a-x0515c__1__1.X	7h3x__1__1.A__1.B	7h3x__1__1.B	1.A:1.A	foldseek	100		sucos_shape_pocket_qcov	
a71ev2a-x4336a__1__1.A__1.X	a71ev2a-x4336a__1__1.X	7hy5__1__1.A__1.B	7hy5__1__1.B	1.A:1.A	foldseek	100		sucos_shape_pocket_qcov	
a71ev2a-x7170a__1__1.A__1.X	a71ev2a-x7170a__1__1.X	7i3m__1__1.A__1.C	7i3m__1__1.C	1.A:1.A	foldseek	73		sucos_shape_pocket_qcov	
a71ev2a-x3665a__1__1.A__1.X	a71ev2a-x3665a__1__1.X	7hw0__1__1.A__1.B	7hw0__1__1.B	1.A:1.A	foldseek	100		sucos_shape_pocket_qcov	
a71ev2a-x0554a__1__1.A__1.X	a71ev2a-x0554a__1__1.X	7h44__1__1.A__1.C	7h44__1__1.C	1.A:1.A	foldseek	100		sucos_shape_pocket_qcov	
a71ev2a-x4721a__1__1.A__1.X	a71ev2a-x4721a__1__1.X	7i4n__1__1.A__1.C	7i4n__1__1.C	1.A:1.A	foldseek	100		sucos_shape_pocket_qcov	
a71ev2a-x6032a__1__1.A__1.X	a71ev2a-x6032a__1__1.X	7i7x__1__1.A__1.C	7i7x__1__1.C	1.A:1.A	foldseek	83		sucos_shape_pocket_qcov	
a71ev2a-x4554a__1__1.A__1.X	a71ev2a-x4554a__1__1.X	7hzi__1__1.A__1.B	7hzi__1__1.B	1.A:1.A	foldseek	86		sucos_shape_pocket_qcov	
a71ev2a-x5525b__1__1.C__1.X	a71ev2a-x5525b__1__1.X	7i7x__1__1.A__1.C	7i7x__1__1.C	1.C:1.A	foldseek	91		sucos_shape_pocket_qcov	
a71ev2a-x6025a__1__1.A__1.X	a71ev2a-x6025a__1__1.X	7i7x__1__1.A__1.C	7i7x__1__1.C	1.A:1.A	foldseek	77		sucos_shape_pocket_qcov	
a71ev2a-x1148b__1__1.A__1.X	a71ev2a-x1148b__1__1.X	7h4z__1__1.A__1.B_1.D	7h4z__1__1.B	1.A:1.A	foldseek	100		sucos_shape_pocket_qcov	
a71ev2a-x4237c__1__1.C__1.X	a71ev2a-x4237c__1__1.X	7hxb__2__1.B__1.E	7hxb__2__1.E	1.C:1.B	foldseek	100		sucos_shape_pocket_qcov	
a71ev2a-x5317a__1__1.A__1.X	a71ev2a-x5317a__1__1.X	7i7u__1__1.A__1.C	7i7u__1__1.C	1.A:1.A	foldseek	100		sucos_shape_pocket_qcov	
a71ev2a-x0517a__1__1.A__1.X	a71ev2a-x0517a__1__1.X	7h3y__1__1.A__1.B	7h3y__1__1.B	1.A:1.A	foldseek	99		sucos_shape_pocket_qcov	
a71ev2a-x4826a__1__1.A__1.X	a71ev2a-x4826a__1__1.X	7i5d__1__1.A__1.C	7i5d__1__1.C	1.A:1.A	foldseek	100		sucos_shape_pocket_qcov	
a71ev2a-x7446a__1__1.A__1.X	a71ev2a-x7446a__1__1.X	7i3m__1__1.A__1.C	7i3m__1__1.C	1.A:1.A	foldseek	73		sucos_shape_pocket_qcov	
a71ev2a-x5081a__1__1.A__1.X	a71ev2a-x5081a__1__1.X	7i6z__1__1.A__1.C	7i6z__1__1.C	1.A:1.A	foldseek	100		sucos_shape_pocket_qcov	
a71ev2a-x3176a__1__1.A__1.X	a71ev2a-x3176a__1__1.X	7hui__1__1.A__1.C	7hui__1__1.C	1.A:1.A	foldseek	100		sucos_shape_pocket_qcov	
a71ev2a-x4979b__1__1.C__1.X	a71ev2a-x4979b__1__1.X	7i6k__2__1.B__1.F	7i6k__2__1.F	1.C:1.B	foldseek	100		sucos_shape_pocket_qcov	
a71ev2a-x7015a__1__1.A__1.X	a71ev2a-x7015a__1__1.X	7i3m__1__1.A__1.C	7i3m__1__1.C	1.A:1.A	foldseek	75		sucos_shape_pocket_qcov	
a71ev2a-x3208a__1__1.A__1.X	a71ev2a-x3208a__1__1.X	7hut__1__1.A__1.C	7hut__1__1.C	1.A:1.A	foldseek	100		sucos_shape_pocket_qcov	
a71ev2a-x4343b__1__1.C__1.X	a71ev2a-x4343b__1__1.X	7hy8__2__1.B__1.F	7hy8__2__1.F	1.C:1.B	foldseek	94		sucos_shape_pocket_qcov	
a71ev2a-x4894a__1__1.A__1.X	a71ev2a-x4894a__1__1.X	7i5y__1__1.A__1.B	7i5y__1__1.B	1.A:1.A	foldseek	100		sucos_shape_pocket_qcov	
a71ev2a-x4724a__1__1.A__1.X	a71ev2a-x4724a__1__1.X	7i4o__1__1.A__1.B	7i4o__1__1.B	1.A:1.A	foldseek	100		sucos_shape_pocket_qcov	
a71ev2a-x5992b__1__1.C__1.X	a71ev2a-x5992b__1__1.X	7i4o__1__1.A__1.B	7i4o__1__1.B	1.C:1.A	foldseek	90		sucos_shape_pocket_qcov	
a71ev2a-x3509a__1__1.A__1.X	a71ev2a-x3509a__1__1.X	7hvf__1__1.A__1.C	7hvf__1__1.C	1.A:1.A	foldseek	100		sucos_shape_pocket_qcov	
a71ev2a-x5665a__1__1.A__1.X	a71ev2a-x5665a__1__1.X	7i68__1__1.A__1.B	7i68__1__1.B	1.A:1.A	foldseek	80		sucos_shape_pocket_qcov	
a71ev2a-x4516a__1__1.A__1.X	a71ev2a-x4516a__1__1.X	7i8x__1__1.A__1.B	7i8x__1__1.B	1.A:1.A	foldseek	100		sucos_shape_pocket_qcov	
a71ev2a-x4447b__1__1.C__1.X	a71ev2a-x4447b__1__1.X	7hyz__2__1.B__1.G	7hyz__2__1.G	1.C:1.B	foldseek	100		sucos_shape_pocket_qcov	
a71ev2a-x5462a__1__1.A__1.X	a71ev2a-x5462a__1__1.X	7i66__1__1.A__1.B	7i66__1__1.B	1.A:1.A	foldseek	87		sucos_shape_pocket_qcov	
a71ev2a-x4559a__1__1.A__1.X	a71ev2a-x4559a__1__1.X	7i3q__1__1.A__1.C	7i3q__1__1.C	1.A:1.A	foldseek	100		sucos_shape_pocket_qcov	
a71ev2a-x0691a__1__1.A__1.X	a71ev2a-x0691a__1__1.X	7h4a__1__1.A__1.B	7h4a__1__1.B	1.A:1.A	foldseek	100		sucos_shape_pocket_qcov	
a71ev2a-x4926a__1__1.A__1.X	a71ev2a-x4926a__1__1.X	7i67__1__1.A__1.C	7i67__1__1.C	1.A:1.A	foldseek	100		sucos_shape_pocket_qcov	
a71ev2a-x3568a__1__1.A__1.X	a71ev2a-x3568a__1__1.X	7hvn__1__1.A__1.C_1.E	7hvn__1__1.C	1.A:1.A	foldseek	100		sucos_shape_pocket_qcov	
a71ev2a-x5424b__1__1.C__1.X	a71ev2a-x5424b__1__1.X	7huq__1__1.A__1.B	7huq__1__1.B	1.C:1.A	foldseek	87		sucos_shape_pocket_qcov	
a71ev2a-x6925a__1__1.A__1.X	a71ev2a-x6925a__1__1.X	7i7x__1__1.A__1.C	7i7x__1__1.C	1.A:1.A	foldseek	87		sucos_shape_pocket_qcov	
a71ev2a-x5819a__1__1.A__1.X	a71ev2a-x5819a__1__1.X	7i7v__1__1.A__1.C	7i7v__1__1.C	1.A:1.A	foldseek	92		sucos_shape_pocket_qcov	
a71ev2a-x4824a__1__1.A__1.X	a71ev2a-x4824a__1__1.X	7i5c__1__1.A__1.C	7i5c__1__1.C	1.A:1.A	foldseek	100		sucos_shape_pocket_qcov	
a71ev2a-x4856a__1__1.A__1.X	a71ev2a-x4856a__1__1.X	7i5p__1__1.A__1.B	7i5p__1__1.B	1.A:1.A	foldseek	100		sucos_shape_pocket_qcov	
a71ev2a-x5268a__1__1.A__1.X	a71ev2a-x5268a__1__1.X	7i8z__1__1.A__1.B	7i8z__1__1.B	1.A:1.A	foldseek	100		sucos_shape_pocket_qcov	
a71ev2a-x7558a__1__1.A__1.X	a71ev2a-x7558a__1__1.X	7i7x__2__1.B__1.E	7i7x__2__1.E	1.A:1.B	foldseek	85		sucos_shape_pocket_qcov	
a71ev2a-x4421a__1__1.A__1.X	a71ev2a-x4421a__1__1.X	7hyu__1__1.A__1.B	7hyu__1__1.B	1.A:1.A	foldseek	100		sucos_shape_pocket_qcov	
a71ev2a-x5777a__1__1.A__1.X	a71ev2a-x5777a__1__1.X	7i6l__1__1.A__1.B	7i6l__1__1.B	1.A:1.A	foldseek	89		sucos_shape_pocket_qcov	
a71ev2a-x4843a__1__1.A__1.X	a71ev2a-x4843a__1__1.X	7i5k__1__1.A__1.B	7i5k__1__1.B	1.A:1.A	foldseek	100		sucos_shape_pocket_qcov	
a71ev2a-x4934a__1__1.A__1.X	a71ev2a-x4934a__1__1.X	7i69__1__1.A__1.B	7i69__1__1.B	1.A:1.A	foldseek	100		sucos_shape_pocket_qcov	
a71ev2a-x7350a__1__1.A__1.X	a71ev2a-x7350a__1__1.X	7i6m__1__1.A__1.C	7i6m__1__1.C	1.A:1.A	foldseek	74		sucos_shape_pocket_qcov	
a71ev2a-x6021a__1__1.A__1.X	a71ev2a-x6021a__1__1.X	7i5e__1__1.A__1.C	7i5e__1__1.C	1.A:1.A	foldseek	88		sucos_shape_pocket_qcov	
a71ev2a-x4449a__1__1.A__1.X	a71ev2a-x4449a__1__1.X	7hz0__1__1.A__1.C	7hz0__1__1.C	1.A:1.A	foldseek	100		sucos_shape_pocket_qcov	
a71ev2a-x4806b__1__1.C__1.X	a71ev2a-x4806b__1__1.X	7i59__2__1.B__1.F	7i59__2__1.F	1.C:1.B	foldseek	100		sucos_shape_pocket_qcov	
a71ev2a-x7580a__1__1.A__1.X	a71ev2a-x7580a__1__1.X	7i5e__1__1.A__1.C	7i5e__1__1.C	1.A:1.A	foldseek	84		sucos_shape_pocket_qcov	
a71ev2a-x4528a__1__1.A__1.X	a71ev2a-x4528a__1__1.X	7i3o__1__1.A__1.B	7i3o__1__1.B	1.A:1.A	foldseek	100		sucos_shape_pocket_qcov	
a71ev2a-x4012b__1__1.C__1.X	a71ev2a-x4012b__1__1.X	7hwx__2__1.B__1.F	7hwx__2__1.F	1.C:1.B	foldseek	100		sucos_shape_pocket_qcov	
a71ev2a-x5427a__1__1.A__1.X	a71ev2a-x5427a__1__1.X	7i5p__1__1.A__1.B	7i5p__1__1.B	1.A:1.A	foldseek	93		sucos_shape_pocket_qcov	
a71ev2a-x5744a__1__1.A__1.X	a71ev2a-x5744a__1__1.X	7i68__1__1.A__1.B	7i68__1__1.B	1.A:1.A	foldseek	90		sucos_shape_pocket_qcov	
a71ev2a-x5182a__1__1.A__1.X	a71ev2a-x5182a__1__1.X	7i79__1__1.A__1.C	7i79__1__1.C	1.A:1.A	foldseek	100		sucos_shape_pocket_qcov	
a71ev2a-x3992a__1__1.A__1.X	a71ev2a-x3992a__1__1.X	7hwv__1__1.A__1.C	7hwv__1__1.C	1.A:1.A	foldseek	100		sucos_shape_pocket_qcov	
a71ev2a-x5151a__1__1.A__1.X	a71ev2a-x5151a__1__1.X	7i76__1__1.A__1.B	7i76__1__1.B	1.A:1.A	foldseek	100		sucos_shape_pocket_qcov	
a71ev2a-x4661a__1__1.A__1.X	a71ev2a-x4661a__1__1.X	7hvr__1__1.A__1.B	7hvr__1__1.B	1.A:1.A	foldseek	93		sucos_shape_pocket_qcov	
a71ev2a-x5788a__1__1.A__1.X	a71ev2a-x5788a__1__1.X	7i43__1__1.A__1.B	7i43__1__1.B	1.A:1.A	foldseek	88		sucos_shape_pocket_qcov	
a71ev2a-x5995b__1__1.C__1.X	a71ev2a-x5995b__1__1.X	7i4a__1__1.A__1.B	7i4a__1__1.B	1.C:1.A	foldseek	85		sucos_shape_pocket_qcov	
a71ev2a-x5779a__1__1.A__1.X	a71ev2a-x5779a__1__1.X	7i5p__1__1.A__1.B	7i5p__1__1.B	1.A:1.A	foldseek	77		sucos_shape_pocket_qcov	
a71ev2a-x7338a__1__1.A__1.X	a71ev2a-x7338a__1__1.X	7i64__1__1.A__1.B	7i64__1__1.B	1.A:1.A	foldseek	80		sucos_shape_pocket_qcov	
a71ev2a-x5388a__1__1.A__1.X	a71ev2a-x5388a__1__1.X	7i5p__1__1.A__1.B	7i5p__1__1.B	1.A:1.A	foldseek	90		sucos_shape_pocket_qcov	
a71ev2a-x1293a__1__1.A_1.B__1.X	a71ev2a-x1293a__1__1.X	7h55__2__1.B__1.F	7h55__2__1.F	1.B:1.B	foldseek	91		sucos_shape_pocket_qcov	
a71ev2a-x5572a__1__1.A__1.X	a71ev2a-x5572a__1__1.X	7i66__1__1.A__1.B	7i66__1__1.B	1.A:1.A	foldseek	90		sucos_shape_pocket_qcov	
a71ev2a-x4922a__1__1.A__1.X	a71ev2a-x4922a__1__1.X	7i66__1__1.A__1.B	7i66__1__1.B	1.A:1.A	foldseek	100		sucos_shape_pocket_qcov	
a71ev2a-x7032a__1__1.A__1.X	a71ev2a-x7032a__1__1.X	7i5c__1__1.A__1.C	7i5c__1__1.C	1.A:1.A	foldseek	77		sucos_shape_pocket_qcov	
a71ev2a-x4563a__1__1.A__1.X	a71ev2a-x4563a__1__1.X	7i3r__1__1.A__1.B	7i3r__1__1.B	1.A:1.A	foldseek	100		sucos_shape_pocket_qcov	
a71ev2a-x4538a__1__1.A__1.X	a71ev2a-x4538a__1__1.X	7hzd__1__1.A__1.B	7hzd__1__1.B	1.A:1.A	foldseek	100		sucos_shape_pocket_qcov	
a71ev2a-x4979a__1__1.A__1.X	a71ev2a-x4979a__1__1.X	7i6k__1__1.A__1.C	7i6k__1__1.C	1.A:1.A	foldseek	100		sucos_shape_pocket_qcov	
a71ev2a-x3986a__1__1.A__1.X	a71ev2a-x3986a__1__1.X	7hws__1__1.A__1.C	7hws__1__1.C	1.A:1.A	foldseek	99		sucos_shape_pocket_qcov	
a71ev2a-x0831a__1__1.A__1.X	a71ev2a-x0831a__1__1.X	7h4g__1__1.A__1.B_1.C	7h4g__1__1.B	1.A:1.A	foldseek	100		sucos_shape_pocket_qcov	
a71ev2a-x5258a__1__1.A__1.X	a71ev2a-x5258a__1__1.X	7i7m__1__1.A__1.B	7i7m__1__1.B	1.A:1.A	foldseek	100		sucos_shape_pocket_qcov	
a71ev2a-x7096a__1__1.A__1.X	a71ev2a-x7096a__1__1.X	7i3m__1__1.A__1.C	7i3m__1__1.C	1.A:1.A	foldseek	72		sucos_shape_pocket_qcov	
a71ev2a-x4496a__1__1.A__1.X	a71ev2a-x4496a__1__1.X	7i3l__1__1.A__1.C	7i3l__1__1.C	1.A:1.A	foldseek	100		sucos_shape_pocket_qcov	
a71ev2a-x0239a__1__1.A__1.X	a71ev2a-x0239a__1__1.X	7h31__1__1.A__1.B	7h31__1__1.B	1.A:1.A	foldseek	95		sucos_shape_pocket_qcov	
a71ev2a-x5512a__1__1.A__1.X	a71ev2a-x5512a__1__1.X	7i7x__1__1.A__1.C	7i7x__1__1.C	1.A:1.A	foldseek	84		sucos_shape_pocket_qcov	
a71ev2a-x0497a__1__1.A__1.X	a71ev2a-x0497a__1__1.X	7h3u__1__1.A__1.B	7h3u__1__1.B	1.A:1.A	foldseek	100		sucos_shape_pocket_qcov	
a71ev2a-x7167b__1__1.C__1.X	a71ev2a-x7167b__1__1.X	7i5c__1__1.A__1.C	7i5c__1__1.C	1.C:1.A	foldseek	79		sucos_shape_pocket_qcov	
a71ev2a-x7442a__1__1.A__1.X	a71ev2a-x7442a__1__1.X	7i5c__1__1.A__1.C	7i5c__1__1.C	1.A:1.A	foldseek	83		sucos_shape_pocket_qcov	
a71ev2a-x6980a__1__1.A__1.X	a71ev2a-x6980a__1__1.X	7i6j__1__1.A__1.C	7i6j__1__1.C	1.A:1.A	foldseek	86		sucos_shape_pocket_qcov	
a71ev2a-x4540a__1__1.A__1.X	a71ev2a-x4540a__1__1.X	7hze__1__1.A__1.B	7hze__1__1.B	1.A:1.A	foldseek	100		sucos_shape_pocket_qcov	
a71ev2a-x5475b__1__1.C__1.X	a71ev2a-x5475b__1__1.X	7i4t__1__1.A__1.C	7i4t__1__1.C	1.C:1.A	foldseek	80		sucos_shape_pocket_qcov	
a71ev2a-x4684a__1__1.A__1.X	a71ev2a-x4684a__1__1.X	7i4a__1__1.A__1.B	7i4a__1__1.B	1.A:1.A	foldseek	100		sucos_shape_pocket_qcov	
a71ev2a-x4308a__1__1.A__1.X	a71ev2a-x4308a__1__1.X	7hxp__1__1.A__1.B	7hxp__1__1.B	1.A:1.A	foldseek	100		sucos_shape_pocket_qcov	
a71ev2a-x0375c__1__1.A__1.X	a71ev2a-x0375c__1__1.X	7h3e__1__1.A__1.B_1.E	7h3e__1__1.B	1.A:1.A	foldseek	100		sucos_shape_pocket_qcov	
a71ev2a-x5039b__1__1.C__1.X	a71ev2a-x5039b__1__1.X	7i6u__2__1.B__1.H_1.J	7i6u__2__1.H	1.C:1.B	foldseek	100		sucos_shape_pocket_qcov	
a71ev2a-x5036b__1__1.C__1.X	a71ev2a-x5036b__1__1.X	7i6t__2__1.B__1.F	7i6t__2__1.F	1.C:1.B	foldseek	100		sucos_shape_pocket_qcov	
a71ev2a-x6816b__1__1.C__1.X	a71ev2a-x6816b__1__1.X	7hx8__2__1.B__1.G_1.H	7hx8__2__1.G	1.C:1.B	foldseek	82		sucos_shape_pocket_qcov	
a71ev2a-x3936a__1__1.A__1.X	a71ev2a-x3936a__1__1.X	7hwf__1__1.A__1.C	7hwf__1__1.C	1.A:1.A	foldseek	100		sucos_shape_pocket_qcov	
a71ev2a-x4403a__1__1.A__1.X	a71ev2a-x4403a__1__1.X	7hyp__1__1.A__1.B	7hyp__1__1.B	1.A:1.A	foldseek	98		sucos_shape_pocket_qcov	
a71ev2a-x1105b__1__1.A__1.X	a71ev2a-x1105b__1__1.X	7h4t__1__1.A__1.C	7h4t__1__1.C	1.A:1.A	foldseek	100		sucos_shape_pocket_qcov	
a71ev2a-x7247a__1__1.A__1.X	a71ev2a-x7247a__1__1.X	7i64__1__1.A__1.B	7i64__1__1.B	1.A:1.A	foldseek	72		sucos_shape_pocket_qcov	
a71ev2a-x7151a__1__1.A__1.X	a71ev2a-x7151a__1__1.X	7i3m__1__1.A__1.C	7i3m__1__1.C	1.A:1.A	foldseek	72		sucos_shape_pocket_qcov	
a71ev2a-x3223a__1__1.A__1.X	a71ev2a-x3223a__1__1.X	7hzs__1__1.A__1.D	7hzs__1__1.D	1.A:1.A	foldseek	94		sucos_shape_pocket_qcov	
a71ev2a-x4986a__1__1.A__1.X	a71ev2a-x4986a__1__1.X	7i6m__1__1.A__1.C	7i6m__1__1.C	1.A:1.A	foldseek	99		sucos_shape_pocket_qcov	
a71ev2a-x6778a__1__1.A__1.X	a71ev2a-x6778a__1__1.X	7i7x__1__1.A__1.C	7i7x__1__1.C	1.A:1.A	foldseek	79		sucos_shape_pocket_qcov	
a71ev2a-x4703a__1__1.A__1.X	a71ev2a-x4703a__1__1.X	7i4f__1__1.A__1.B	7i4f__1__1.B	1.A:1.A	foldseek	100		sucos_shape_pocket_qcov	
a71ev2a-x4992a__1__1.A__1.X	a71ev2a-x4992a__1__1.X	7i6n__1__1.A__1.B	7i6n__1__1.B	1.A:1.A	foldseek	100		sucos_shape_pocket_qcov	
a71ev2a-x7576a__1__1.A__1.X	a71ev2a-x7576a__1__1.X	7i7x__1__1.A__1.C	7i7x__1__1.C	1.A:1.A	foldseek	88		sucos_shape_pocket_qcov	
a71ev2a-x4583a__1__1.A__1.X	a71ev2a-x4583a__1__1.X	7i3w__1__1.A__1.C	7i3w__1__1.C	1.A:1.A	foldseek	100		sucos_shape_pocket_qcov	
a71ev2a-x4943a__1__1.A__1.X	a71ev2a-x4943a__1__1.X	7i6b__1__1.A__1.C	7i6b__1__1.C	1.A:1.A	foldseek	100		sucos_shape_pocket_qcov	
a71ev2a-x4921a__1__1.A__1.X	a71ev2a-x4921a__1__1.X	7i65__1__1.A__1.B	7i65__1__1.B	1.A:1.A	foldseek	100		sucos_shape_pocket_qcov	
a71ev2a-x4451a__1__1.A__1.X	a71ev2a-x4451a__1__1.X	7hz1__1__1.A__1.C	7hz1__1__1.C	1.A:1.A	foldseek	100		sucos_shape_pocket_qcov	
a71ev2a-x3938a__1__1.A__1.X	a71ev2a-x3938a__1__1.X	7i3c__1__1.A__1.C	7i3c__1__1.C	1.A:1.A	foldseek	100		sucos_shape_pocket_qcov	
a71ev2a-x2339a__1__1.A__1.X	a71ev2a-x2339a__1__1.X	7hzl__1__1.A__1.H	7hzl__1__1.H	1.A:1.A	foldseek	94		sucos_shape_pocket_qcov	
a71ev2a-x1068b__1__1.A__1.X	a71ev2a-x1068b__1__1.X	7h4p__1__1.A__1.B_1.D	7h4p__1__1.B	1.A:1.A	foldseek	100		sucos_shape_pocket_qcov	
a71ev2a-x5475a__1__1.A__1.X	a71ev2a-x5475a__1__1.X	7i4t__1__1.A__1.C	7i4t__1__1.C	1.A:1.A	foldseek	79		sucos_shape_pocket_qcov	
a71ev2a-x5339a__1__1.A__1.X	a71ev2a-x5339a__1__1.X	7i7v__1__1.A__1.C	7i7v__1__1.C	1.A:1.A	foldseek	100		sucos_shape_pocket_qcov	
a71ev2a-x4596c__1__1.A__1.X	a71ev2a-x4596c__1__1.X	7i3y__1__1.A__1.D	7i3y__1__1.D	1.A:1.A	foldseek	100		sucos_shape_pocket_qcov	
a71ev2a-x4806a__1__1.A__1.X	a71ev2a-x4806a__1__1.X	7i59__1__1.A__1.C	7i59__1__1.C	1.A:1.A	foldseek	100		sucos_shape_pocket_qcov	
a71ev2a-x7250a__1__1.A__1.X	a71ev2a-x7250a__1__1.X	7i3m__1__1.A__1.C	7i3m__1__1.C	1.A:1.A	foldseek	79		sucos_shape_pocket_qcov	
a71ev2a-x4977b__1__1.C__1.X	a71ev2a-x4977b__1__1.X	7i6j__2__1.B__1.H	7i6j__2__1.H	1.C:1.B	foldseek	100		sucos_shape_pocket_qcov	
a71ev2a-x4274b__1__1.C__1.X	a71ev2a-x4274b__1__1.X	7hxf__2__1.B__1.G	7hxf__2__1.G	1.C:1.B	foldseek	100		sucos_shape_pocket_qcov	
a71ev2a-x3942a__1__1.A__1.X	a71ev2a-x3942a__1__1.X	7hw0__1__1.A__1.B	7hw0__1__1.B	1.A:1.A	foldseek	94		sucos_shape_pocket_qcov	
a71ev2a-x4712a__1__1.A__1.X	a71ev2a-x4712a__1__1.X	7i4l__1__1.A__1.B	7i4l__1__1.B	1.A:1.A	foldseek	100		sucos_shape_pocket_qcov	
a71ev2a-x0152b__1__1.A__1.X	a71ev2a-x0152b__1__1.X	7h2t__1__1.A__1.C	7h2t__1__1.C	1.A:1.A	foldseek	84		sucos_shape_pocket_qcov	
a71ev2a-x0354a__1__1.A__1.X	a71ev2a-x0354a__1__1.X	7h3b__1__1.A__1.B	7h3b__1__1.B	1.A:1.A	foldseek	100		sucos_shape_pocket_qcov	
a71ev2a-x1148a__1__1.A__1.X	a71ev2a-x1148a__1__1.X	7h4z__1__1.A__1.C	7h4z__1__1.C	1.A:1.A	foldseek	100		sucos_shape_pocket_qcov	
a71ev2a-x3417a__1__1.A__1.X	a71ev2a-x3417a__1__1.X	7hv7__1__1.A__1.C	7hv7__1__1.C	1.A:1.A	foldseek	100		sucos_shape_pocket_qcov	
a71ev2a-x7533a__1__1.A__1.X	a71ev2a-x7533a__1__1.X	7i5e__1__1.A__1.C	7i5e__1__1.C	1.A:1.A	foldseek	82		sucos_shape_pocket_qcov	
a71ev2a-x5526a__1__1.A__1.X	a71ev2a-x5526a__1__1.X	7i7x__1__1.A__1.C	7i7x__1__1.C	1.A:1.A	foldseek	87		sucos_shape_pocket_qcov	
a71ev2a-x4537a__1__1.A__1.X	a71ev2a-x4537a__1__1.X	7hzc__1__1.A__1.B	7hzc__1__1.B	1.A:1.A	foldseek	100		sucos_shape_pocket_qcov	
a71ev2a-x3968a__1__1.A__1.X	a71ev2a-x3968a__1__1.X	7hwn__1__1.A__1.B	7hwn__1__1.B	1.A:1.A	foldseek	100		sucos_shape_pocket_qcov	
a71ev2a-x3986b__1__1.C__1.X	a71ev2a-x3986b__1__1.X	7hws__2__1.B__1.F	7hws__2__1.F	1.C:1.B	foldseek	100		sucos_shape_pocket_qcov	
a71ev2a-x5402a__1__1.A__1.X	a71ev2a-x5402a__1__1.X	7i5f__1__1.A__1.C	7i5f__1__1.C	1.A:1.A	foldseek	98		sucos_shape_pocket_qcov	
a71ev2a-x4343a__1__1.A__1.X	a71ev2a-x4343a__1__1.X	7hy8__1__1.A__1.C	7hy8__1__1.C	1.A:1.A	foldseek	99		sucos_shape_pocket_qcov	
a71ev2a-x0375a__1__1.A__1.X	a71ev2a-x0375a__1__1.X	7h3e__1__1.A__1.C_1.D	7h3e__1__1.C	1.A:1.A	foldseek	98		sucos_shape_pocket_qcov	
a71ev2a-x3509b__1__1.C__1.X	a71ev2a-x3509b__1__1.X	7hvf__1__1.A__1.C	7hvf__1__1.C	1.C:1.A	foldseek	100		sucos_shape_pocket_qcov	
a71ev2a-x3324a__1__1.A__1.X	a71ev2a-x3324a__1__1.X	7hv4__1__1.A__1.B	7hv4__1__1.B	1.A:1.A	foldseek	100		sucos_shape_pocket_qcov	
a71ev2a-x0359a__1__1.A__1.X	a71ev2a-x0359a__1__1.X	7h3c__1__1.A__1.B	7h3c__1__1.B	1.A:1.A	foldseek	100		sucos_shape_pocket_qcov	
a71ev2a-x4334a__1__1.A__1.X	a71ev2a-x4334a__1__1.X	7hy4__1__1.A__1.C	7hy4__1__1.C	1.A:1.A	foldseek	100		sucos_shape_pocket_qcov	
a71ev2a-x5425a__1__1.A__1.X	a71ev2a-x5425a__1__1.X	7hwo__1__1.A__1.B	7hwo__1__1.B	1.A:1.A	foldseek	98		sucos_shape_pocket_qcov	
a71ev2a-x3522a__1__1.A__1.X	a71ev2a-x3522a__1__1.X	7i34__1__1.A__1.C	7i34__1__1.C	1.A:1.A	foldseek	100		sucos_shape_pocket_qcov	
a71ev2a-x4596b__1__1.C__1.X	a71ev2a-x4596b__1__1.X	7i3y__2__1.B__1.G	7i3y__2__1.G	1.C:1.B	foldseek	100		sucos_shape_pocket_qcov	
a71ev2a-x7389a__1__1.A__1.X	a71ev2a-x7389a__1__1.X	7i3m__1__1.A__1.C	7i3m__1__1.C	1.A:1.A	foldseek	82		sucos_shape_pocket_qcov	
a71ev2a-x5231a__1__1.A__1.X	a71ev2a-x5231a__1__1.X	7i7i__1__1.A__1.C	7i7i__1__1.C	1.A:1.A	foldseek	100		sucos_shape_pocket_qcov	
a71ev2a-x3579a__1__1.A__1.X	a71ev2a-x3579a__1__1.X	7hvr__1__1.A__1.B	7hvr__1__1.B	1.A:1.A	foldseek	100		sucos_shape_pocket_qcov	
a71ev2a-x4708a__1__1.A__1.X	a71ev2a-x4708a__1__1.X	7i4i__1__1.A__1.C	7i4i__1__1.C	1.A:1.A	foldseek	100		sucos_shape_pocket_qcov	
a71ev2a-x7251a__1__1.A__1.X	a71ev2a-x7251a__1__1.X	7i64__1__1.A__1.B	7i64__1__1.B	1.A:1.A	foldseek	81		sucos_shape_pocket_qcov	
a71ev2a-x7018a__1__1.A__1.X	a71ev2a-x7018a__1__1.X	7i3m__1__1.A__1.C	7i3m__1__1.C	1.A:1.A	foldseek	75		sucos_shape_pocket_qcov	
a71ev2a-x4748a__1__1.A__1.X	a71ev2a-x4748a__1__1.X	7i4w__1__1.A__1.B	7i4w__1__1.B	1.A:1.A	foldseek	100		sucos_shape_pocket_qcov	
a71ev2a-x3188a__1__1.A__1.X	a71ev2a-x3188a__1__1.X	7hun__1__1.A__1.B	7hun__1__1.B	1.A:1.A	foldseek	99		sucos_shape_pocket_qcov	
a71ev2a-x5351a__1__1.A__1.X	a71ev2a-x5351a__1__1.X	7i7i__1__1.A__1.C	7i7i__1__1.C	1.A:1.A	foldseek	98		sucos_shape_pocket_qcov	
a71ev2a-x5949a__1__1.A__1.X	a71ev2a-x5949a__1__1.X	7i5p__1__1.A__1.B	7i5p__1__1.B	1.A:1.A	foldseek	76		sucos_shape_pocket_qcov	
a71ev2a-x4753a__1__1.A__1.X	a71ev2a-x4753a__1__1.X	7i4z__1__1.A__1.B	7i4z__1__1.B	1.A:1.A	foldseek	100		sucos_shape_pocket_qcov	
a71ev2a-x7608a__1__1.A__1.X	a71ev2a-x7608a__1__1.X	7i5e__1__1.A__1.C	7i5e__1__1.C	1.A:1.A	foldseek	80		sucos_shape_pocket_qcov	
a71ev2a-x3884a__1__1.A__1.X	a71ev2a-x3884a__1__1.X	7hw8__1__1.A__1.C	7hw8__1__1.C	1.A:1.A	foldseek	100		sucos_shape_pocket_qcov	
a71ev2a-x7301b__1__1.C__1.X	a71ev2a-x7301b__1__1.X	7i6m__2__1.B__1.G	7i6m__2__1.G	1.C:1.B	foldseek	85		sucos_shape_pocket_qcov	
a71ev2a-x6932a__1__1.A__1.X	a71ev2a-x6932a__1__1.X	7i7j__1__1.A__1.C	7i7j__1__1.C	1.A:1.A	foldseek	88		sucos_shape_pocket_qcov	
a71ev2a-x5877a__1__1.A__1.X	a71ev2a-x5877a__1__1.X	7i7x__1__1.A__1.C	7i7x__1__1.C	1.A:1.A	foldseek	82		sucos_shape_pocket_qcov	
a71ev2a-x3480a__1__1.A__1.X	a71ev2a-x3480a__1__1.X	7hva__1__1.A__1.C	7hva__1__1.C	1.A:1.A	foldseek	100		sucos_shape_pocket_qcov	
a71ev2a-x7026b__1__1.A__1.X	a71ev2a-x7026b__1__1.X	7i64__1__1.A__1.B	7i64__1__1.B	1.A:1.A	foldseek	83		sucos_shape_pocket_qcov	
a71ev2a-x1255a__1__1.B__1.X	a71ev2a-x1255a__1__1.X	7h53__2__1.B__1.G	7h53__2__1.G	1.B:1.B	foldseek	100		sucos_shape_pocket_qcov	
a71ev2a-x7002a__1__1.A__1.X	a71ev2a-x7002a__1__1.X	7i7j__1__1.A__1.C	7i7j__1__1.C	1.A:1.A	foldseek	73		sucos_shape_pocket_qcov	
a71ev2a-x0229b__1__1.A__1.X	a71ev2a-x0229b__1__1.X	7h2z__1__1.A__1.C	7h2z__1__1.C	1.A:1.A	foldseek	100		sucos_shape_pocket_qcov	
a71ev2a-x7263a__1__1.A__1.X	a71ev2a-x7263a__1__1.X	7i3m__1__1.A__1.C	7i3m__1__1.C	1.A:1.A	foldseek	74		sucos_shape_pocket_qcov	
a71ev2a-x6827a__1__1.A__1.X	a71ev2a-x6827a__1__1.X	7i7x__1__1.A__1.C	7i7x__1__1.C	1.A:1.A	foldseek	87		sucos_shape_pocket_qcov	
a71ev2a-x6914a__1__1.A__1.X	a71ev2a-x6914a__1__1.X	7i3m__1__1.A__1.C	7i3m__1__1.C	1.A:1.A	foldseek	73		sucos_shape_pocket_qcov	
a71ev2a-x3186a__1__1.A__1.X	a71ev2a-x3186a__1__1.X	7hzq__1__1.A__1.C	7hzq__1__1.C	1.A:1.A	foldseek	98		sucos_shape_pocket_qcov	
a71ev2a-x4319a__1__1.A__1.X	a71ev2a-x4319a__1__1.X	7hxy__1__1.A__1.B	7hxy__1__1.B	1.A:1.A	foldseek	100		sucos_shape_pocket_qcov	
a71ev2a-x0451a__1__1.A__1.X	a71ev2a-x0451a__1__1.X	7h3p__1__1.A__1.B	7h3p__1__1.B	1.A:1.A	foldseek	98		sucos_shape_pocket_qcov	
a71ev2a-x5764a__1__1.A__1.X	a71ev2a-x5764a__1__1.X	7hwt__1__1.A__1.B	7hwt__1__1.B	1.A:1.A	foldseek	84		sucos_shape_pocket_qcov	
a71ev2a-x1776a__1__1.A__1.X	a71ev2a-x1776a__1__1.X	7hzj__1__1.A__1.I	7hzj__1__1.I	1.A:1.A	foldseek	67		sucos_shape_pocket_qcov	
a71ev2a-x5891a__1__1.A__1.X	a71ev2a-x5891a__1__1.X	7i5p__1__1.A__1.B	7i5p__1__1.B	1.A:1.A	foldseek	76		sucos_shape_pocket_qcov	
a71ev2a-x0554b__1__1.A__1.X	a71ev2a-x0554b__1__1.X	7h44__1__1.A__1.B_1.D	7h44__1__1.B	1.A:1.A	foldseek	100		sucos_shape_pocket_qcov	
a71ev2a-x6726a__1__1.A__1.X	a71ev2a-x6726a__1__1.X	7i4l__1__1.A__1.B	7i4l__1__1.B	1.A:1.A	foldseek	76		sucos_shape_pocket_qcov	
a71ev2a-x7287a__1__1.A__1.X	a71ev2a-x7287a__1__1.X	7i5c__1__1.A__1.C	7i5c__1__1.C	1.A:1.A	foldseek	78		sucos_shape_pocket_qcov	
a71ev2a-x4416a__1__1.A__1.X	a71ev2a-x4416a__1__1.X	7hys__1__1.A__1.C	7hys__1__1.C	1.A:1.A	foldseek	100		sucos_shape_pocket_qcov	
a71ev2a-x4447a__1__1.A__1.X	a71ev2a-x4447a__1__1.X	7hyz__1__1.A__1.C	7hyz__1__1.C	1.A:1.A	foldseek	99		sucos_shape_pocket_qcov	
a71ev2a-x4309a__1__1.A__1.X	a71ev2a-x4309a__1__1.X	7hxq__1__1.A__1.C	7hxq__1__1.C	1.A:1.A	foldseek	100		sucos_shape_pocket_qcov	
a71ev2a-x4928a__1__1.A__1.X	a71ev2a-x4928a__1__1.X	7i68__1__1.A__1.B	7i68__1__1.B	1.A:1.A	foldseek	100		sucos_shape_pocket_qcov	
a71ev2a-x3556a__1__1.A__1.X	a71ev2a-x3556a__1__1.X	7hvk__1__1.A__1.B	7hvk__1__1.B	1.A:1.A	foldseek	100		sucos_shape_pocket_qcov	
a71ev2a-x4745a__1__1.A__1.X	a71ev2a-x4745a__1__1.X	7i4u__1__1.A__1.C	7i4u__1__1.C	1.A:1.A	foldseek	100		sucos_shape_pocket_qcov	
a71ev2a-x3849a__1__1.A__1.X	a71ev2a-x3849a__1__1.X	7hw3__1__1.A__1.B	7hw3__1__1.B	1.A:1.A	foldseek	100		sucos_shape_pocket_qcov	
a71ev2a-x3521a__1__1.A__1.X	a71ev2a-x3521a__1__1.X	7i4x__1__1.A__1.C	7i4x__1__1.C	1.A:1.A	foldseek	66		sucos_shape_pocket_qcov	
a71ev2a-x4778a__1__1.A__1.X	a71ev2a-x4778a__1__1.X	7i53__1__1.A__1.B	7i53__1__1.B	1.A:1.A	foldseek	100		sucos_shape_pocket_qcov	
a71ev2a-x7334b__1__1.A__1.X	a71ev2a-x7334b__1__1.X	7i3m__1__1.A__1.C	7i3m__1__1.C	1.A:1.A	foldseek	82		sucos_shape_pocket_qcov	
a71ev2a-x5666a__1__1.A__1.X	a71ev2a-x5666a__1__1.X	7i64__1__1.A__1.B	7i64__1__1.B	1.A:1.A	foldseek	76		sucos_shape_pocket_qcov	
a71ev2a-x4311a__1__1.A__1.X	a71ev2a-x4311a__1__1.X	7hxs__1__1.A__1.C	7hxs__1__1.C	1.A:1.A	foldseek	100		sucos_shape_pocket_qcov	
a71ev2a-x7589a__1__1.A__1.X	a71ev2a-x7589a__1__1.X	7i3m__1__1.A__1.C	7i3m__1__1.C	1.A:1.A	foldseek	78		sucos_shape_pocket_qcov	
a71ev2a-x5808a__1__1.A__1.X	a71ev2a-x5808a__1__1.X	7i3m__1__1.A__1.C	7i3m__1__1.C	1.A:1.A	foldseek	77		sucos_shape_pocket_qcov	
a71ev2a-x5082a__1__1.A__1.X	a71ev2a-x5082a__1__1.X	7i70__1__1.A__1.C	7i70__1__1.C	1.A:1.A	foldseek	100		sucos_shape_pocket_qcov	
a71ev2a-x7545b__1__1.B__1.X	a71ev2a-x7545b__1__1.X	7i5e__1__1.A__1.C	7i5e__1__1.C	1.B:1.A	foldseek	87		sucos_shape_pocket_qcov	
a71ev2a-x4845a__1__1.A__1.X	a71ev2a-x4845a__1__1.X	7i5l__1__1.A__1.C	7i5l__1__1.C	1.A:1.A	foldseek	100		sucos_shape_pocket_qcov	
a71ev2a-x7261a__1__1.A__1.X	a71ev2a-x7261a__1__1.X	7i5c__1__1.A__1.C	7i5c__1__1.C	1.A:1.A	foldseek	75		sucos_shape_pocket_qcov	
a71ev2a-x2448b__1__1.A__1.X	a71ev2a-x2448b__1__1.X	7h3l__1__1.A__1.B	7h3l__1__1.B	1.A:1.A	foldseek	90		sucos_shape_pocket_qcov	
a71ev2a-x4872a__1__1.A__1.X	a71ev2a-x4872a__1__1.X	7i5q__1__1.A__1.B	7i5q__1__1.B	1.A:1.A	foldseek	100		sucos_shape_pocket_qcov	
a71ev2a-x0365a__1__1.A__1.X	a71ev2a-x0365a__1__1.X	7h3d__1__1.A__1.B	7h3d__1__1.B	1.A:1.A	foldseek	100		sucos_shape_pocket_qcov	
a71ev2a-x3868a__1__1.A__1.X	a71ev2a-x3868a__1__1.X	7hw6__1__1.A__1.B	7hw6__1__1.B	1.A:1.A	foldseek	100		sucos_shape_pocket_qcov	
a71ev2a-x0487a__1__1.B__1.X	a71ev2a-x0487a__1__1.X	7hoe__2__1.B__1.F	7hoe__2__1.F	1.B:1.B	foldseek	100		sucos_shape_pocket_qcov	
a71ev2a-x4710a__1__1.A__1.X	a71ev2a-x4710a__1__1.X	7i4j__1__1.A__1.B	7i4j__1__1.B	1.A:1.A	foldseek	100		sucos_shape_pocket_qcov	
a71ev2a-x5777b__1__1.C__1.X	a71ev2a-x5777b__1__1.X	7i6l__1__1.A__1.B	7i6l__1__1.B	1.C:1.A	foldseek	93		sucos_shape_pocket_qcov	
a71ev2a-x4695a__1__1.A__1.X	a71ev2a-x4695a__1__1.X	7i4d__1__1.A__1.B	7i4d__1__1.B	1.A:1.A	foldseek	100		sucos_shape_pocket_qcov	
a71ev2a-x0926a__1__1.B__1.X	a71ev2a-x0926a__1__1.X	7hoh__2__1.B__1.F	7hoh__2__1.F	1.B:1.B	foldseek	100		sucos_shape_pocket_qcov	
a71ev2a-x4701a__1__1.A__1.X	a71ev2a-x4701a__1__1.X	7i4e__1__1.A__1.C	7i4e__1__1.C	1.A:1.A	foldseek	100		sucos_shape_pocket_qcov	
a71ev2a-x4735a__1__1.A__1.X	a71ev2a-x4735a__1__1.X	7i4q__1__1.A__1.C	7i4q__1__1.C	1.A:1.A	foldseek	100		sucos_shape_pocket_qcov	
a71ev2a-x4774a__1__1.A__1.X	a71ev2a-x4774a__1__1.X	7i51__1__1.A__1.B	7i51__1__1.B	1.A:1.A	foldseek	100		sucos_shape_pocket_qcov	
a71ev2a-x6738a__1__1.A__1.X	a71ev2a-x6738a__1__1.X	7i3m__1__1.A__1.C	7i3m__1__1.C	1.A:1.A	foldseek	76		sucos_shape_pocket_qcov	
a71ev2a-x4420a__1__1.A__1.X	a71ev2a-x4420a__1__1.X	7hyt__1__1.A__1.B	7hyt__1__1.B	1.A:1.A	foldseek	100		sucos_shape_pocket_qcov	
a71ev2a-x3867a__1__1.A__1.X	a71ev2a-x3867a__1__1.X	7hw5__1__1.A__1.B_1.E	7hw5__1__1.B	1.A:1.A	foldseek	100		sucos_shape_pocket_qcov	
a71ev2a-x5090a__1__1.A__1.X	a71ev2a-x5090a__1__1.X	7i71__1__1.A__1.B	7i71__1__1.B	1.A:1.A	foldseek	100		sucos_shape_pocket_qcov	
a71ev2a-x5894a__1__1.A__1.X	a71ev2a-x5894a__1__1.X	7hzh__1__1.A__1.B	7hzh__1__1.B	1.A:1.A	foldseek	84		sucos_shape_pocket_qcov	
a71ev2a-x5366a__1__1.A__1.X	a71ev2a-x5366a__1__1.X	7i7x__1__1.A__1.C	7i7x__1__1.C	1.A:1.A	foldseek	100		sucos_shape_pocket_qcov	
a71ev2a-x5699a__1__1.A__1.X	a71ev2a-x5699a__1__1.X	7i68__1__1.A__1.B	7i68__1__1.B	1.A:1.A	foldseek	85		sucos_shape_pocket_qcov	
a71ev2a-x4029a__1__1.A__1.X	a71ev2a-x4029a__1__1.X	7hvr__1__1.A__1.B	7hvr__1__1.B	1.A:1.A	foldseek	99		sucos_shape_pocket_qcov	
a71ev2a-x7284a__1__1.A__1.X	a71ev2a-x7284a__1__1.X	7i3m__1__1.A__1.C	7i3m__1__1.C	1.A:1.A	foldseek	76		sucos_shape_pocket_qcov	
a71ev2a-x7433a__1__1.A__1.X	a71ev2a-x7433a__1__1.X	7i64__1__1.A__1.B	7i64__1__1.B	1.A:1.A	foldseek	69		sucos_shape_pocket_qcov	
a71ev2a-x4675a__1__1.A__1.X	a71ev2a-x4675a__1__1.X	7i49__1__1.A__1.B	7i49__1__1.B	1.A:1.A	foldseek	100		sucos_shape_pocket_qcov	
a71ev2a-x5200a__1__1.A__1.X	a71ev2a-x5200a__1__1.X	7i7a__1__1.A__1.B	7i7a__1__1.B	1.A:1.A	foldseek	100		sucos_shape_pocket_qcov	
a71ev2a-x4903a__1__1.A__1.X	a71ev2a-x4903a__1__1.X	7i5f__1__1.A__1.C	7i5f__1__1.C	1.A:1.A	foldseek	100		sucos_shape_pocket_qcov	
a71ev2a-x7257a__1__1.A__1.X	a71ev2a-x7257a__1__1.X	7i5e__1__1.A__1.C	7i5e__1__1.C	1.A:1.A	foldseek	74		sucos_shape_pocket_qcov	
a71ev2a-x2458a__1__1.A__1.X	a71ev2a-x2458a__1__1.X	7h3l__1__1.A__1.B	7h3l__1__1.B	1.A:1.A	foldseek	83		sucos_shape_pocket_qcov	
a71ev2a-x7297a__1__1.A__1.X	a71ev2a-x7297a__1__1.X	7i3m__1__1.A__1.C	7i3m__1__1.C	1.A:1.A	foldseek	78		sucos_shape_pocket_qcov	
a71ev2a-x4994a__1__1.A__1.X	a71ev2a-x4994a__1__1.X	7i6o__1__1.A__1.C	7i6o__1__1.C	1.A:1.A	foldseek	100		sucos_shape_pocket_qcov	
a71ev2a-x5289a__1__1.A__1.X	a71ev2a-x5289a__1__1.X	7i7t__1__1.A__1.C	7i7t__1__1.C	1.A:1.A	foldseek	100		sucos_shape_pocket_qcov	
a71ev2a-x4331a__1__1.A__1.X	a71ev2a-x4331a__1__1.X	7hy2__1__1.A__1.C	7hy2__1__1.C	1.A:1.A	foldseek	100		sucos_shape_pocket_qcov	
a71ev2a-x7035a__1__1.A__1.X	a71ev2a-x7035a__1__1.X	7i4a__1__1.A__1.B	7i4a__1__1.B	1.A:1.A	foldseek	85		sucos_shape_pocket_qcov	
a71ev2a-x4544a__1__1.A__1.X	a71ev2a-x4544a__1__1.X	7hzg__1__1.A__1.B	7hzg__1__1.B	1.A:1.A	foldseek	96		sucos_shape_pocket_qcov	
a71ev2a-x5764b__1__1.C__1.X	a71ev2a-x5764b__1__1.X	7i4a__1__1.A__1.B	7i4a__1__1.B	1.C:1.A	foldseek	86		sucos_shape_pocket_qcov	
a71ev2a-x3593a__1__1.A__1.X	a71ev2a-x3593a__1__1.X	7hvt__1__1.A__1.C	7hvt__1__1.C	1.A:1.A	foldseek	100		sucos_shape_pocket_qcov	
a71ev2a-x5277a__1__1.A__1.X	a71ev2a-x5277a__1__1.X	7i7p__1__1.A__1.B	7i7p__1__1.B	1.A:1.A	foldseek	100		sucos_shape_pocket_qcov	
a71ev2a-x5728a__1__1.A__1.X	a71ev2a-x5728a__1__1.X	7hvk__1__1.A__1.B	7hvk__1__1.B	1.A:1.A	foldseek	79		sucos_shape_pocket_qcov	
a71ev2a-x4321b__1__1.C__1.X	a71ev2a-x4321b__1__1.X	7hxz__2__1.B__1.G	7hxz__2__1.G	1.C:1.B	foldseek	100		sucos_shape_pocket_qcov	
a71ev2a-x3963a__1__1.A__1.X	a71ev2a-x3963a__1__1.X	7hwm__1__1.A__1.C	7hwm__1__1.C	1.A:1.A	foldseek	100		sucos_shape_pocket_qcov	
a71ev2a-x4829b__1__1.C__1.X	a71ev2a-x4829b__1__1.X	7i5f__2__1.B__1.G	7i5f__2__1.G	1.C:1.B	foldseek	100		sucos_shape_pocket_qcov	
a71ev2a-x5584b__1__1.C__1.X	a71ev2a-x5584b__1__1.X	7i61__2__1.B__1.F	7i61__2__1.F	1.C:1.B	foldseek	88		sucos_shape_pocket_qcov	
a71ev2a-x3450a__1__1.A__1.X	a71ev2a-x3450a__1__1.X	7hv9__1__1.A__1.B	7hv9__1__1.B	1.A:1.A	foldseek	100		sucos_shape_pocket_qcov	
a71ev2a-x3177a__1__1.A__1.X	a71ev2a-x3177a__1__1.X	7huj__1__1.A__1.C	7huj__1__1.C	1.A:1.A	foldseek	100		sucos_shape_pocket_qcov	
a71ev2a-x4977a__1__1.A__1.X	a71ev2a-x4977a__1__1.X	7i6j__1__1.A__1.C	7i6j__1__1.C	1.A:1.A	foldseek	100		sucos_shape_pocket_qcov	
a71ev2a-x7176a__1__1.A__1.X	a71ev2a-x7176a__1__1.X	7i64__1__1.A__1.B	7i64__1__1.B	1.A:1.A	foldseek	76		sucos_shape_pocket_qcov	
a71ev2a-x4461a__1__1.A__1.X	a71ev2a-x4461a__1__1.X	7hz3__1__1.A__1.B	7hz3__1__1.B	1.A:1.A	foldseek	99		sucos_shape_pocket_qcov	
a71ev2a-x3175a__1__1.A__1.X	a71ev2a-x3175a__1__1.X	7huh__1__1.A__1.C	7huh__1__1.C	1.A:1.A	foldseek	100		sucos_shape_pocket_qcov	
a71ev2a-x3862a__1__1.A__1.X	a71ev2a-x3862a__1__1.X	7hw4__1__1.A__1.C	7hw4__1__1.C	1.A:1.A	foldseek	88		sucos_shape_pocket_qcov	
a71ev2a-x3706b__1__1.C__1.X	a71ev2a-x3706b__1__1.X	7i37__2__1.B__1.F	7i37__2__1.F	1.C:1.B	foldseek	99		sucos_shape_pocket_qcov	
a71ev2a-x3616a__1__1.A__1.X	a71ev2a-x3616a__1__1.X	7hvw__1__1.A__1.C	7hvw__1__1.C	1.A:1.A	foldseek	100		sucos_shape_pocket_qcov	
a71ev2a-x4310b__1__1.C__1.X	a71ev2a-x4310b__1__1.X	7hxr__2__1.B__1.F	7hxr__2__1.F	1.C:1.B	foldseek	100		sucos_shape_pocket_qcov	
a71ev2a-x3221a__1__1.A__1.X	a71ev2a-x3221a__1__1.X	7huw__1__1.A__1.B	7huw__1__1.B	1.A:1.A	foldseek	100		sucos_shape_pocket_qcov	
a71ev2a-x4715b__1__1.A__1.X	a71ev2a-x4715b__1__1.X	7i5p__1__1.A__1.B	7i5p__1__1.B	1.A:1.A	foldseek	87		sucos_shape_pocket_qcov	
a71ev2a-x3066a__1__1.A__1.X	a71ev2a-x3066a__1__1.X	7huf__1__1.A__1.B	7huf__1__1.B	1.A:1.A	foldseek	89		sucos_shape_pocket_qcov	
a71ev2a-x1445a__1__1.B__1.X	a71ev2a-x1445a__1__1.X	5dp4__1__1.A__1.E	5dp4__1__1.E	1.B:1.A	foldseek	51		sucos_shape_pocket_qcov	
a71ev2a-x7093a__1__1.A__1.X	a71ev2a-x7093a__1__1.X	7i3m__1__1.A__1.C	7i3m__1__1.C	1.A:1.A	foldseek	78		sucos_shape_pocket_qcov	
a71ev2a-x4334b__1__1.C__1.X	a71ev2a-x4334b__1__1.X	7hy4__2__1.B__1.E	7hy4__2__1.E	1.C:1.B	foldseek	100		sucos_shape_pocket_qcov	
a71ev2a-x4429a__1__1.A__1.X	a71ev2a-x4429a__1__1.X	7hyw__1__1.A__1.B	7hyw__1__1.B	1.A:1.A	foldseek	100		sucos_shape_pocket_qcov	
a71ev2a-x0488a__1__1.A__1.X	a71ev2a-x0488a__1__1.X	7h2w__1__1.A__1.C	7h2w__1__1.C	1.A:1.A	foldseek	68		sucos_shape_pocket_qcov	
a71ev2a-x7570a__1__1.A__1.X	a71ev2a-x7570a__1__1.X	7i3m__1__1.A__1.C	7i3m__1__1.C	1.A:1.A	foldseek	75		sucos_shape_pocket_qcov	
a71ev2a-x1778a__1__1.A__1.X	a71ev2a-x1778a__1__1.X	7hzj__1__1.A__1.I	7hzj__1__1.I	1.A:1.A	foldseek	57		sucos_shape_pocket_qcov	
a71ev2a-x5608a__1__1.A__1.X	a71ev2a-x5608a__1__1.X	7i4d__1__1.A__1.B	7i4d__1__1.B	1.A:1.A	foldseek	97		sucos_shape_pocket_qcov	
a71ev2a-x4467a__1__1.A__1.X	a71ev2a-x4467a__1__1.X	7i3i__1__1.A__1.C	7i3i__1__1.C	1.A:1.A	foldseek	100		sucos_shape_pocket_qcov	
a71ev2a-x4390a__1__1.A__1.X	a71ev2a-x4390a__1__1.X	7hyn__1__1.A__1.C	7hyn__1__1.C	1.A:1.A	foldseek	97		sucos_shape_pocket_qcov	
a71ev2a-x7353a__1__1.A__1.X	a71ev2a-x7353a__1__1.X	7i64__1__1.A__1.B	7i64__1__1.B	1.A:1.A	foldseek	81		sucos_shape_pocket_qcov	
a71ev2a-x3937a__1__1.A__1.X	a71ev2a-x3937a__1__1.X	7i3b__1__1.A__1.C	7i3b__1__1.C	1.A:1.A	foldseek	100		sucos_shape_pocket_qcov	
a71ev2a-x5460a__1__1.A__1.X	a71ev2a-x5460a__1__1.X	7i66__1__1.A__1.B	7i66__1__1.B	1.A:1.A	foldseek	95		sucos_shape_pocket_qcov	
a71ev2a-x4303b__1__1.C__1.X	a71ev2a-x4303b__1__1.X	7hxm__2__1.B__1.G	7hxm__2__1.G	1.C:1.B	foldseek	100		sucos_shape_pocket_qcov	
a71ev2a-x7465a__1__1.A__1.X	a71ev2a-x7465a__1__1.X	7i6j__1__1.A__1.C	7i6j__1__1.C	1.A:1.A	foldseek	82		sucos_shape_pocket_qcov	
a71ev2a-x7043b__1__1.A__1.X	a71ev2a-x7043b__1__1.X	7i6u__1__1.A__1.C	7i6u__1__1.C	1.A:1.A	foldseek	79		sucos_shape_pocket_qcov	
a71ev2a-x4673a__1__1.A__1.X	a71ev2a-x4673a__1__1.X	7i47__1__1.A__1.C	7i47__1__1.C	1.A:1.A	foldseek	100		sucos_shape_pocket_qcov	
a71ev2a-x7025a__1__1.A__1.X	a71ev2a-x7025a__1__1.X	7i3m__1__1.A__1.C	7i3m__1__1.C	1.A:1.A	foldseek	78		sucos_shape_pocket_qcov	
a71ev2a-x0202b__1__1.A__1.X	a71ev2a-x0202b__1__1.X	7h2w__1__1.A__1.C	7h2w__1__1.C	1.A:1.A	foldseek	63		sucos_shape_pocket_qcov	
a71ev2a-x4214b__1__1.C__1.X	a71ev2a-x4214b__1__1.X	7hxa__1__1.A__1.C	7hxa__1__1.C	1.C:1.A	foldseek	98		sucos_shape_pocket_qcov	
a71ev2a-x7172a__1__1.A__1.X	a71ev2a-x7172a__1__1.X	7i5e__1__1.A__1.C	7i5e__1__1.C	1.A:1.A	foldseek	82		sucos_shape_pocket_qcov	
a71ev2a-x5261a__1__1.A__1.X	a71ev2a-x5261a__1__1.X	7i7r__1__1.A__1.C	7i7r__1__1.C	1.A:1.A	foldseek	89		sucos_shape_pocket_qcov	
a71ev2a-x7445a__1__1.A__1.X	a71ev2a-x7445a__1__1.X	7i7j__1__1.A__1.C	7i7j__1__1.C	1.A:1.A	foldseek	87		sucos_shape_pocket_qcov	
a71ev2a-x5289b__1__1.C__1.X	a71ev2a-x5289b__1__1.X	7i7t__2__1.B__1.F	7i7t__2__1.F	1.C:1.B	foldseek	100		sucos_shape_pocket_qcov	
a71ev2a-x5383a__1__1.A__1.X	a71ev2a-x5383a__1__1.X	7i4a__1__1.A__1.B	7i4a__1__1.B	1.A:1.A	foldseek	88		sucos_shape_pocket_qcov	
a71ev2a-x6794a__1__1.A__1.X	a71ev2a-x6794a__1__1.X	7hyl__1__1.A__1.B	7hyl__1__1.B	1.A:1.A	foldseek	81		sucos_shape_pocket_qcov	
a71ev2a-x0540a__1__1.A__1.X	a71ev2a-x0540a__1__1.X	7h42__1__1.A__1.B	7h42__1__1.B	1.A:1.A	foldseek	100		sucos_shape_pocket_qcov	
a71ev2a-x3612a__1__1.A__1.X	a71ev2a-x3612a__1__1.X	7hvv__1__1.A__1.B	7hvv__1__1.B	1.A:1.A	foldseek	100		sucos_shape_pocket_qcov	
a71ev2a-x3181a__1__1.A__1.X	a71ev2a-x3181a__1__1.X	7hul__1__1.A__1.B_1.C_1.G	7hul__1__1.B	1.A:1.A	foldseek	100		sucos_shape_pocket_qcov	
a71ev2a-x6714a__1__1.A__1.X	a71ev2a-x6714a__1__1.X	7hzh__1__1.A__1.B	7hzh__1__1.B	1.A:1.A	foldseek	76		sucos_shape_pocket_qcov	
a71ev2a-x5079b__1__1.C__1.X	a71ev2a-x5079b__1__1.X	7i6y__2__1.B__1.F	7i6y__2__1.F	1.C:1.B	foldseek	100		sucos_shape_pocket_qcov	
a71ev2a-x4380a__1__1.A__1.X	a71ev2a-x4380a__1__1.X	7hyj__1__1.A__1.B	7hyj__1__1.B	1.A:1.A	foldseek	100		sucos_shape_pocket_qcov	
a71ev2a-x3990a__1__1.A__1.X	a71ev2a-x3990a__1__1.X	7hwu__1__1.A__1.B	7hwu__1__1.B	1.A:1.A	foldseek	100		sucos_shape_pocket_qcov	
a71ev2a-x7459a__1__1.A__1.X	a71ev2a-x7459a__1__1.X	7i6j__1__1.A__1.C	7i6j__1__1.C	1.A:1.A	foldseek	83		sucos_shape_pocket_qcov	
a71ev2a-x3981a__1__1.A__1.X	a71ev2a-x3981a__1__1.X	7hwq__1__1.A__1.B	7hwq__1__1.B	1.A:1.A	foldseek	100		sucos_shape_pocket_qcov	
a71ev2a-x7070a__1__1.A__1.X	a71ev2a-x7070a__1__1.X	7i5c__1__1.A__1.C	7i5c__1__1.C	1.A:1.A	foldseek	78		sucos_shape_pocket_qcov	
a71ev2a-x5599b__1__1.C__1.X	a71ev2a-x5599b__1__1.X	7i5c__2__1.B__1.G	7i5c__2__1.G	1.C:1.B	foldseek	94		sucos_shape_pocket_qcov	
a71ev2a-x4586a__1__1.A__1.X	a71ev2a-x4586a__1__1.X	7i3x__1__1.A__1.B	7i3x__1__1.B	1.A:1.A	foldseek	100		sucos_shape_pocket_qcov	
a71ev2a-x5022b__1__1.C__1.X	a71ev2a-x5022b__1__1.X	7i6s__2__1.B__1.F	7i6s__2__1.F	1.C:1.B	foldseek	100		sucos_shape_pocket_qcov	
a71ev2a-x5255a__1__1.A__1.X	a71ev2a-x5255a__1__1.X	7i7l__1__1.A__1.B	7i7l__1__1.B	1.A:1.A	foldseek	100		sucos_shape_pocket_qcov	
a71ev2a-x5278a__1__1.A__1.X	a71ev2a-x5278a__1__1.X	7i7q__1__1.A__1.B	7i7q__1__1.B	1.A:1.A	foldseek	100		sucos_shape_pocket_qcov	
a71ev2a-x5431b__1__1.A__1.X	a71ev2a-x5431b__1__1.X	7hwp__1__1.A__1.C_1.F	7hwp__1__1.C	1.A:1.A	foldseek	71		sucos_shape_pocket_qcov	
a71ev2a-x5219a__1__1.A__1.X	a71ev2a-x5219a__1__1.X	7i7f__1__1.A__1.C	7i7f__1__1.C	1.A:1.A	foldseek	100		sucos_shape_pocket_qcov	
a71ev2a-x0202a__1__1.A__1.X	a71ev2a-x0202a__1__1.X	7h2w__1__1.A__1.B	7h2w__1__1.B	1.A:1.A	foldseek	97		sucos_shape_pocket_qcov	
a71ev2a-x6736a__1__1.A__1.X	a71ev2a-x6736a__1__1.X	7i7x__1__1.A__1.C	7i7x__1__1.C	1.A:1.A	foldseek	81		sucos_shape_pocket_qcov	
a71ev2a-x5449a__1__1.A__1.X	a71ev2a-x5449a__1__1.X	7hyx__1__1.A__1.B	7hyx__1__1.B	1.A:1.A	foldseek	90		sucos_shape_pocket_qcov	
a71ev2a-x4571a__1__1.A__1.X	a71ev2a-x4571a__1__1.X	7i3t__1__1.A__1.B	7i3t__1__1.B	1.A:1.A	foldseek	100		sucos_shape_pocket_qcov	
a71ev2a-x4365b__1__1.C__1.X	a71ev2a-x4365b__1__1.X	7hye__2__1.B__1.F	7hye__2__1.F	1.C:1.B	foldseek	100		sucos_shape_pocket_qcov	
a71ev2a-x0309a__1__1.A__1.X	a71ev2a-x0309a__1__1.X	7h35__1__1.A__1.B	7h35__1__1.B	1.A:1.A	foldseek	100		sucos_shape_pocket_qcov	
a71ev2a-x7309a__1__1.A__1.X	a71ev2a-x7309a__1__1.X	7i3m__1__1.A__1.C	7i3m__1__1.C	1.A:1.A	foldseek	76		sucos_shape_pocket_qcov	
a71ev2a-x3606a__1__1.A__1.X	a71ev2a-x3606a__1__1.X	7hvu__1__1.A__1.C	7hvu__1__1.C	1.A:1.A	foldseek	100		sucos_shape_pocket_qcov	
a71ev2a-x6945a__1__1.A__1.X	a71ev2a-x6945a__1__1.X	7i4a__1__1.A__1.B	7i4a__1__1.B	1.A:1.A	foldseek	69		sucos_shape_pocket_qcov	
a71ev2a-x7101a__1__1.A__1.X	a71ev2a-x7101a__1__1.X	7i3m__1__1.A__1.C	7i3m__1__1.C	1.A:1.A	foldseek	76		sucos_shape_pocket_qcov	
a71ev2a-x3884b__1__1.C__1.X	a71ev2a-x3884b__1__1.X	7hw8__2__1.B__1.F_1.G	7hw8__2__1.F	1.C:1.B	foldseek	100		sucos_shape_pocket_qcov	
a71ev2a-x5753a__1__1.A__1.X	a71ev2a-x5753a__1__1.X	7hyt__1__1.A__1.B	7hyt__1__1.B	1.A:1.A	foldseek	75		sucos_shape_pocket_qcov	
a71ev2a-x5398a__1__1.A__1.X	a71ev2a-x5398a__1__1.X	7i7x__1__1.A__1.C	7i7x__1__1.C	1.A:1.A	foldseek	90		sucos_shape_pocket_qcov	
a71ev2a-x4791a__1__1.A__1.X	a71ev2a-x4791a__1__1.X	7i56__1__1.A__1.C	7i56__1__1.C	1.A:1.A	foldseek	100		sucos_shape_pocket_qcov	
a71ev2a-x3685a__1__1.A__1.X	a71ev2a-x3685a__1__1.X	7hw1__1__1.A__1.C	7hw1__1__1.C	1.A:1.A	foldseek	100		sucos_shape_pocket_qcov	
a71ev2a-x4304a__1__1.A__1.X	a71ev2a-x4304a__1__1.X	7hwx__1__1.A__1.C	7hwx__1__1.C	1.A:1.A	foldseek	81		sucos_shape_pocket_qcov	
a71ev2a-x4715a__1__1.A__1.X	a71ev2a-x4715a__1__1.X	7i4m__1__1.A__1.C	7i4m__1__1.C	1.A:1.A	foldseek	100		sucos_shape_pocket_qcov	
a71ev2a-x7050a__1__1.A__1.X	a71ev2a-x7050a__1__1.X	7i3m__1__1.A__1.C	7i3m__1__1.C	1.A:1.A	foldseek	74		sucos_shape_pocket_qcov	
a71ev2a-x4374b__1__1.C__1.X	a71ev2a-x4374b__1__1.X	7hyi__2__1.B__1.G	7hyi__2__1.G	1.C:1.B	foldseek	100		sucos_shape_pocket_qcov	
a71ev2a-x3869a__1__1.A__1.X	a71ev2a-x3869a__1__1.X	7hw3__1__1.A__1.B	7hw3__1__1.B	1.A:1.A	foldseek	99		sucos_shape_pocket_qcov	
a71ev2a-x4388a__1__1.A__1.X	a71ev2a-x4388a__1__1.X	7hym__1__1.A__1.B	7hym__1__1.B	1.A:1.A	foldseek	100		sucos_shape_pocket_qcov	
a71ev2a-x0514a__1__1.B__1.X	a71ev2a-x0514a__1__1.X	7h3w__2__1.B__1.G	7h3w__2__1.G	1.B:1.B	foldseek	100		sucos_shape_pocket_qcov	
a71ev2a-x3858a__1__1.A__1.X	a71ev2a-x3858a__1__1.X	7i38__1__1.A__1.C	7i38__1__1.C	1.A:1.A	foldseek	100		sucos_shape_pocket_qcov	
a71ev2a-x1081a__1__1.A__1.X	a71ev2a-x1081a__1__1.X	7h4r__1__1.A__1.B	7h4r__1__1.B	1.A:1.A	foldseek	100		sucos_shape_pocket_qcov	
a71ev2a-x3550a__1__1.A__1.X	a71ev2a-x3550a__1__1.X	7hvj__1__1.A__1.C	7hvj__1__1.C	1.A:1.A	foldseek	100		sucos_shape_pocket_qcov	
a71ev2a-x4451b__1__1.C__1.X	a71ev2a-x4451b__1__1.X	7hz1__2__1.B__1.G	7hz1__2__1.G	1.C:1.B	foldseek	100		sucos_shape_pocket_qcov	
a71ev2a-x3408a__1__1.A__1.X	a71ev2a-x3408a__1__1.X	7i31__1__1.A__1.C_1.E	7i31__1__1.C	1.A:1.A	foldseek	100		sucos_shape_pocket_qcov	
a71ev2a-x7334a__1__1.A__1.X	a71ev2a-x7334a__1__1.X	7i64__1__1.A__1.B	7i64__1__1.B	1.A:1.A	foldseek	84		sucos_shape_pocket_qcov	
a71ev2a-x3977a__1__1.A__1.X	a71ev2a-x3977a__1__1.X	7hwp__1__1.A__1.B	7hwp__1__1.B	1.A:1.A	foldseek	100		sucos_shape_pocket_qcov	
a71ev2a-x4283b__1__1.C__1.X	a71ev2a-x4283b__1__1.X	7hxg__2__1.B__1.F	7hxg__2__1.F	1.C:1.B	foldseek	100		sucos_shape_pocket_qcov	
a71ev2a-x1146a__1__1.A__1.X	a71ev2a-x1146a__1__1.X	7h4y__1__1.A__1.B	7h4y__1__1.B	1.A:1.A	foldseek	100		sucos_shape_pocket_qcov	
a71ev2a-x4018a__1__1.A__1.X	a71ev2a-x4018a__1__1.X	7hwz__1__1.A__1.C	7hwz__1__1.C	1.A:1.A	foldseek	100		sucos_shape_pocket_qcov	
a71ev2a-x3279a__1__1.A__1.X	a71ev2a-x3279a__1__1.X	7hv0__1__1.A__1.C	7hv0__1__1.C	1.A:1.A	foldseek	100		sucos_shape_pocket_qcov	
a71ev2a-x7580b__1__1.B__1.X	a71ev2a-x7580b__1__1.X	7i5e__1__1.A__1.C	7i5e__1__1.C	1.B:1.A	foldseek	84		sucos_shape_pocket_qcov	
a71ev2a-x5283b__1__1.C__1.X	a71ev2a-x5283b__1__1.X	7i7r__2__1.B__1.E	7i7r__2__1.E	1.C:1.B	foldseek	100		sucos_shape_pocket_qcov	
a71ev2a-x0278a__1__1.A__1.X	a71ev2a-x0278a__1__1.X	7h33__1__1.A__1.C	7h33__1__1.C	1.A:1.A	foldseek	100		sucos_shape_pocket_qcov	
a71ev2a-x4519b__1__1.C__1.X	a71ev2a-x4519b__1__1.X	7hza__2__1.B__1.F	7hza__2__1.F	1.C:1.B	foldseek	100		sucos_shape_pocket_qcov	
a71ev2a-x4908a__1__1.A__1.X	a71ev2a-x4908a__1__1.X	7i62__1__1.A__1.B	7i62__1__1.B	1.A:1.A	foldseek	100		sucos_shape_pocket_qcov	
a71ev2a-x3954a__1__1.A__1.X	a71ev2a-x3954a__1__1.X	7hwk__1__1.A__1.B	7hwk__1__1.B	1.A:1.A	foldseek	100		sucos_shape_pocket_qcov	
a71ev2a-x7424a__1__1.A__1.X	a71ev2a-x7424a__1__1.X	7i64__1__1.A__1.B	7i64__1__1.B	1.A:1.A	foldseek	80		sucos_shape_pocket_qcov	
a71ev2a-x4306a__1__1.A__1.X	a71ev2a-x4306a__1__1.X	7hxo__1__1.A__1.B	7hxo__1__1.B	1.A:1.A	foldseek	100		sucos_shape_pocket_qcov	
a71ev2a-x0207a__1__1.B__1.X	a71ev2a-x0207a__1__1.X	7h2x__2__1.B__1.F	7h2x__2__1.F	1.B:1.B	foldseek	100		sucos_shape_pocket_qcov	
a71ev2a-x7008a__1__1.A__1.X	a71ev2a-x7008a__1__1.X	7i3m__1__1.A__1.C	7i3m__1__1.C	1.A:1.A	foldseek	74		sucos_shape_pocket_qcov	
a71ev2a-x4333a__1__1.A__1.X	a71ev2a-x4333a__1__1.X	7hy3__1__1.A__1.B	7hy3__1__1.B	1.A:1.A	foldseek	100		sucos_shape_pocket_qcov	
a71ev2a-x4689a__1__1.A__1.X	a71ev2a-x4689a__1__1.X	7i4b__1__1.A__1.B	7i4b__1__1.B	1.A:1.A	foldseek	100		sucos_shape_pocket_qcov	
a71ev2a-x7238a__1__1.A__1.X	a71ev2a-x7238a__1__1.X	7i3m__1__1.A__1.C	7i3m__1__1.C	1.A:1.A	foldseek	78		sucos_shape_pocket_qcov	
a71ev2a-x3618a__1__1.A__1.X	a71ev2a-x3618a__1__1.X	7i35__1__1.A__1.C	7i35__1__1.C	1.A:1.A	foldseek	100		sucos_shape_pocket_qcov	
a71ev2a-x4669a__1__1.A__1.X	a71ev2a-x4669a__1__1.X	7i45__1__1.A__1.C	7i45__1__1.C	1.A:1.A	foldseek	100		sucos_shape_pocket_qcov	
a71ev2a-x2351a__1__1.A__1.X	a71ev2a-x2351a__1__1.X	7hzm__1__1.A__1.H	7hzm__1__1.H	1.A:1.A	foldseek	95		sucos_shape_pocket_qcov	
a71ev2a-x4935a__1__1.A__1.X	a71ev2a-x4935a__1__1.X	7i8y__1__1.A__1.B	7i8y__1__1.B	1.A:1.A	foldseek	100		sucos_shape_pocket_qcov	
a71ev2a-x4839a__1__1.A__1.X	a71ev2a-x4839a__1__1.X	7i5i__1__1.A__1.B	7i5i__1__1.B	1.A:1.A	foldseek	100		sucos_shape_pocket_qcov	
a71ev2a-x5705b__1__1.C__1.X	a71ev2a-x5705b__1__1.X	7i4a__1__1.A__1.B	7i4a__1__1.B	1.C:1.A	foldseek	74		sucos_shape_pocket_qcov	
a71ev2a-x7026a__1__1.A__1.X	a71ev2a-x7026a__1__1.X	7i64__1__1.A__1.B	7i64__1__1.B	1.A:1.A	foldseek	83		sucos_shape_pocket_qcov	
a71ev2a-x5833a__1__1.A__1.X	a71ev2a-x5833a__1__1.X	7i4x__1__1.A__1.C	7i4x__1__1.C	1.A:1.A	foldseek	84		sucos_shape_pocket_qcov	
a71ev2a-x4291a__1__1.A__1.X	a71ev2a-x4291a__1__1.X	7hxi__1__1.A__1.C	7hxi__1__1.C	1.A:1.A	foldseek	100		sucos_shape_pocket_qcov	
a71ev2a-x1445b__1__1.B__1.X	a71ev2a-x1445b__1__1.X	7i7w__1__1.A__1.B_1.C	7i7w__1__1.C	1.B:1.A	foldseek	49		sucos_shape_pocket_qcov	
a71ev2a-x5394b__1__1.C__1.X	a71ev2a-x5394b__1__1.X	7i4o__1__1.A__1.B	7i4o__1__1.B	1.C:1.A	foldseek	99		sucos_shape_pocket_qcov	
a71ev2a-x7135a__1__1.A__1.X	a71ev2a-x7135a__1__1.X	7i3m__1__1.A__1.C	7i3m__1__1.C	1.A:1.A	foldseek	78		sucos_shape_pocket_qcov	
a71ev2a-x6769a__1__1.A__1.X	a71ev2a-x6769a__1__1.X	7hyx__1__1.A__1.B	7hyx__1__1.B	1.A:1.A	foldseek	83		sucos_shape_pocket_qcov	
a71ev2a-x3181b__1__1.A__1.X	a71ev2a-x3181b__1__1.X	7hul__1__1.A__1.B_1.C_1.G	7hul__1__1.C	1.A:1.A	foldseek	100		sucos_shape_pocket_qcov	
a71ev2a-x0501a__1__1.B__1.X	a71ev2a-x0501a__1__1.X	7h3v__2__1.B__1.G	7h3v__2__1.G	1.B:1.B	foldseek	100		sucos_shape_pocket_qcov	
a71ev2a-x3379a__1__1.A__1.X	a71ev2a-x3379a__1__1.X	7i2y__1__1.A__1.C	7i2y__1__1.C	1.A:1.A	foldseek	100		sucos_shape_pocket_qcov	
a71ev2a-x5262b__1__1.C__1.X	a71ev2a-x5262b__1__1.X	7i7n__2__1.B__1.F_1.H	7i7n__2__1.F	1.C:1.B	foldseek	100		sucos_shape_pocket_qcov	
a71ev2a-x5727a__1__1.A__1.X	a71ev2a-x5727a__1__1.X	7i68__1__1.A__1.B	7i68__1__1.B	1.A:1.A	foldseek	76		sucos_shape_pocket_qcov	
a71ev2a-x6838a__1__1.A__1.X	a71ev2a-x6838a__1__1.X	7i3m__1__1.A__1.C	7i3m__1__1.C	1.A:1.A	foldseek	81		sucos_shape_pocket_qcov	
a71ev2a-x3419a__1__1.A__1.X	a71ev2a-x3419a__1__1.X	7hv8__1__1.A__1.B	7hv8__1__1.B	1.A:1.A	foldseek	100		sucos_shape_pocket_qcov	
a71ev2a-x4020a__1__1.A__1.X	a71ev2a-x4020a__1__1.X	7hx0__1__1.A__1.C	7hx0__1__1.C	1.A:1.A	foldseek	100		sucos_shape_pocket_qcov	
a71ev2a-x0739a__1__1.A__1.X	a71ev2a-x0739a__1__1.X	7h4e__1__1.A__1.B	7h4e__1__1.B	1.A:1.A	foldseek	100		sucos_shape_pocket_qcov	
a71ev2a-x3392a__1__1.A__1.X	a71ev2a-x3392a__1__1.X	7i2z__1__1.A__1.C	7i2z__1__1.C	1.A:1.A	foldseek	100		sucos_shape_pocket_qcov	
a71ev2a-x7184a__1__1.A__1.X	a71ev2a-x7184a__1__1.X	7i7j__1__1.A__1.C	7i7j__1__1.C	1.A:1.A	foldseek	73		sucos_shape_pocket_qcov	
a71ev2a-x6776a__1__1.A__1.X	a71ev2a-x6776a__1__1.X	7i4a__1__1.A__1.B	7i4a__1__1.B	1.A:1.A	foldseek	79		sucos_shape_pocket_qcov	
a71ev2a-x6856a__1__1.A__1.X	a71ev2a-x6856a__1__1.X	7i4a__1__1.A__1.B	7i4a__1__1.B	1.A:1.A	foldseek	81		sucos_shape_pocket_qcov	
a71ev2a-x4706a__1__1.A__1.X	a71ev2a-x4706a__1__1.X	7i4g__1__1.A__1.C	7i4g__1__1.C	1.A:1.A	foldseek	100		sucos_shape_pocket_qcov	
a71ev2a-x3940a__1__1.A__1.X	a71ev2a-x3940a__1__1.X	7hwh__1__1.A__1.B	7hwh__1__1.B	1.A:1.A	foldseek	100		sucos_shape_pocket_qcov	
a71ev2a-x4827a__1__1.A__1.X	a71ev2a-x4827a__1__1.X	7i5e__1__1.A__1.C	7i5e__1__1.C	1.A:1.A	foldseek	100		sucos_shape_pocket_qcov	
a71ev2a-x7056a__1__1.A__1.X	a71ev2a-x7056a__1__1.X	7i3m__1__1.A__1.C	7i3m__1__1.C	1.A:1.A	foldseek	78		sucos_shape_pocket_qcov	
a71ev2a-x3989a__1__1.A__1.X	a71ev2a-x3989a__1__1.X	7hwt__1__1.A__1.B	7hwt__1__1.B	1.A:1.A	foldseek	100		sucos_shape_pocket_qcov	
a71ev2a-x5359b__1__1.A__1.X	a71ev2a-x5359b__1__1.X	7i7w__1__1.A__1.B_1.C	7i7w__1__1.C	1.A:1.A	foldseek	93		sucos_shape_pocket_qcov	
a71ev2a-x5594b__1__1.C__1.X	a71ev2a-x5594b__1__1.X	7i5c__2__1.B__1.G	7i5c__2__1.G	1.C:1.B	foldseek	91		sucos_shape_pocket_qcov	
a71ev2a-x3488a__1__1.A__1.X	a71ev2a-x3488a__1__1.X	7hvd__1__1.A__1.B	7hvd__1__1.B	1.A:1.A	foldseek	100		sucos_shape_pocket_qcov	
a71ev2a-x4742a__1__1.A__1.X	a71ev2a-x4742a__1__1.X	7i4t__1__1.A__1.C	7i4t__1__1.C	1.A:1.A	foldseek	100		sucos_shape_pocket_qcov	
a71ev2a-x1068a__1__1.A__1.X	a71ev2a-x1068a__1__1.X	7h3k__1__1.A__1.B	7h3k__1__1.B	1.A:1.A	foldseek	77		sucos_shape_pocket_qcov	
a71ev2a-x0514b__1__1.B__1.X	a71ev2a-x0514b__1__1.X	7hof__2__1.B__1.E	7hof__2__1.E	1.B:1.B	foldseek	100		sucos_shape_pocket_qcov	
a71ev2a-x4402a__1__1.A__1.X	a71ev2a-x4402a__1__1.X	7hyo__1__1.A__1.C	7hyo__1__1.C	1.A:1.A	foldseek	100		sucos_shape_pocket_qcov	
a71ev2a-x0428a__1__1.A__1.X	a71ev2a-x0428a__1__1.X	7h3l__1__1.A__1.B	7h3l__1__1.B	1.A:1.A	foldseek	100		sucos_shape_pocket_qcov	
a71ev2a-x6955a__1__1.A__1.X	a71ev2a-x6955a__1__1.X	7i4o__1__1.A__1.B	7i4o__1__1.B	1.A:1.A	foldseek	84		sucos_shape_pocket_qcov	
a71ev2a-x5106a__1__1.A__1.X	a71ev2a-x5106a__1__1.X	7i74__1__1.A__1.B_1.C	7i74__1__1.B	1.A:1.A	foldseek	100		sucos_shape_pocket_qcov	
a71ev2a-x3522b__1__1.A__1.X	a71ev2a-x3522b__1__1.X	7i34__1__1.A__1.C	7i34__1__1.C	1.A:1.A	foldseek	92		sucos_shape_pocket_qcov	
a71ev2a-x5015b__1__1.C__1.X	a71ev2a-x5015b__1__1.X	7i6q__2__1.B__1.G	7i6q__2__1.G	1.C:1.B	foldseek	100		sucos_shape_pocket_qcov	
a71ev2a-x6027a__1__1.A__1.X	a71ev2a-x6027a__1__1.X	7i4o__1__1.A__1.B	7i4o__1__1.B	1.A:1.A	foldseek	92		sucos_shape_pocket_qcov	
a71ev2a-x5802b__1__1.C__1.X	a71ev2a-x5802b__1__1.X	7i77__1__1.A__1.C	7i77__1__1.C	1.C:1.A	foldseek	97		sucos_shape_pocket_qcov	
a71ev2a-x5036a__1__1.A__1.X	a71ev2a-x5036a__1__1.X	7i6t__1__1.A__1.C	7i6t__1__1.C	1.A:1.A	foldseek	100		sucos_shape_pocket_qcov	
a71ev2a-x1292a__1__1.B__1.X	a71ev2a-x1292a__1__1.X	7h54__2__1.B__1.F	7h54__2__1.F	1.B:1.B	foldseek	100		sucos_shape_pocket_qcov	
a71ev2a-x4020b__1__1.C__1.X	a71ev2a-x4020b__1__1.X	7hx0__2__1.B__1.F	7hx0__2__1.F	1.C:1.B	foldseek	100		sucos_shape_pocket_qcov	
a71ev2a-x4674c__1__1.C__1.X	a71ev2a-x4674c__1__1.X	7i48__1__1.A__1.C	7i48__1__1.C	1.C:1.A	foldseek	96		sucos_shape_pocket_qcov	
a71ev2a-x4315a__1__1.A__1.X	a71ev2a-x4315a__1__1.X	7hxv__1__1.A__1.B	7hxv__1__1.B	1.A:1.A	foldseek	100		sucos_shape_pocket_qcov	
a71ev2a-x4342a__1__1.A__1.X	a71ev2a-x4342a__1__1.X	7hy7__1__1.A__1.B	7hy7__1__1.B	1.A:1.A	foldseek	99		sucos_shape_pocket_qcov	
a71ev2a-x7613a__1__1.A__1.X	a71ev2a-x7613a__1__1.X	7i7x__2__1.B__1.E	7i7x__2__1.E	1.A:1.B	foldseek	85		sucos_shape_pocket_qcov	
a71ev2a-x0571a__1__1.A__1.X	a71ev2a-x0571a__1__1.X	7h47__1__1.A__1.B	7h47__1__1.B	1.A:1.A	foldseek	100		sucos_shape_pocket_qcov	
a71ev2a-x3194a__1__1.A__1.X	a71ev2a-x3194a__1__1.X	7huq__1__1.A__1.B	7huq__1__1.B	1.A:1.A	foldseek	100		sucos_shape_pocket_qcov	
a71ev2a-x4974a__1__1.A__1.X	a71ev2a-x4974a__1__1.X	7i6i__1__1.A__1.B	7i6i__1__1.B	1.A:1.A	foldseek	100		sucos_shape_pocket_qcov	
a71ev2a-x5802a__1__1.A__1.X	a71ev2a-x5802a__1__1.X	7i77__1__1.A__1.C	7i77__1__1.C	1.A:1.A	foldseek	97		sucos_shape_pocket_qcov	
a71ev2a-x3229a__1__1.A__1.X	a71ev2a-x3229a__1__1.X	7huy__1__1.A__1.B	7huy__1__1.B	1.A:1.A	foldseek	100		sucos_shape_pocket_qcov	
a71ev2a-x0525a__1__1.A__1.X	a71ev2a-x0525a__1__1.X	7hog__1__1.A__1.B	7hog__1__1.B	1.A:1.A	foldseek	100		sucos_shape_pocket_qcov	
a71ev2a-x4456b__1__1.C__1.X	a71ev2a-x4456b__1__1.X	7hz2__1__1.A__1.C	7hz2__1__1.C	1.C:1.A	foldseek	99		sucos_shape_pocket_qcov	
a71ev2a-x5884a__1__1.A__1.X	a71ev2a-x5884a__1__1.X	7hyl__1__1.A__1.B	7hyl__1__1.B	1.A:1.A	foldseek	78		sucos_shape_pocket_qcov	
a71ev2a-x7631a__1__1.A__1.X	a71ev2a-x7631a__1__1.X	7i4o__1__1.A__1.B	7i4o__1__1.B	1.A:1.A	foldseek	96		sucos_shape_pocket_qcov	
a71ev2a-x4885b__1__1.C__1.X	a71ev2a-x4885b__1__1.X	7i5x__2__1.B__1.F	7i5x__2__1.F	1.C:1.B	foldseek	100		sucos_shape_pocket_qcov	
a71ev2a-x4840a__1__1.A__1.X	a71ev2a-x4840a__1__1.X	7i5j__1__1.A__1.C	7i5j__1__1.C	1.A:1.A	foldseek	100		sucos_shape_pocket_qcov	
a71ev2a-x7410a__1__1.A__1.X	a71ev2a-x7410a__1__1.X	7i5c__1__1.A__1.C	7i5c__1__1.C	1.A:1.A	foldseek	80		sucos_shape_pocket_qcov	
a71ev2a-x5798a__1__1.A__1.X	a71ev2a-x5798a__1__1.X	7i77__1__1.A__1.C	7i77__1__1.C	1.A:1.A	foldseek	96		sucos_shape_pocket_qcov	
a71ev2a-x7510b__1__1.B__1.X	a71ev2a-x7510b__1__1.X	7i3m__1__1.A__1.C	7i3m__1__1.C	1.B:1.A	foldseek	78		sucos_shape_pocket_qcov	
a71ev2a-x5721b__1__1.C__1.X	a71ev2a-x5721b__1__1.X	7i6l__1__1.A__1.B	7i6l__1__1.B	1.C:1.A	foldseek	89		sucos_shape_pocket_qcov	
a71ev2a-x5533a__1__1.A__1.X	a71ev2a-x5533a__1__1.X	7i6j__1__1.A__1.C	7i6j__1__1.C	1.A:1.A	foldseek	89		sucos_shape_pocket_qcov	
a71ev2a-x5721a__1__1.A__1.X	a71ev2a-x5721a__1__1.X	7i6l__1__1.A__1.B	7i6l__1__1.B	1.A:1.A	foldseek	88		sucos_shape_pocket_qcov	
a71ev2a-x4351a__1__1.A__1.X	a71ev2a-x4351a__1__1.X	7hyd__1__1.A__1.C	7hyd__1__1.C	1.A:1.A	foldseek	84		sucos_shape_pocket_qcov	
a71ev2a-x6920a__1__1.A__1.X	a71ev2a-x6920a__1__1.X	7i5e__1__1.A__1.C	7i5e__1__1.C	1.A:1.A	foldseek	84		sucos_shape_pocket_qcov	
a71ev2a-x3634a__1__1.A__1.X	a71ev2a-x3634a__1__1.X	7hvy__1__1.A__1.C	7hvy__1__1.C	1.A:1.A	foldseek	100		sucos_shape_pocket_qcov	
a71ev2a-x4274a__1__1.A__1.X	a71ev2a-x4274a__1__1.X	7hxf__1__1.A__1.C	7hxf__1__1.C	1.A:1.A	foldseek	100		sucos_shape_pocket_qcov	
a71ev2a-x4514a__1__1.A__1.X	a71ev2a-x4514a__1__1.X	7hz9__1__1.A__1.B	7hz9__1__1.B	1.A:1.A	foldseek	99		sucos_shape_pocket_qcov	
a71ev2a-x5288b__1__1.C__1.X	a71ev2a-x5288b__1__1.X	7i7s__2__1.B__1.E	7i7s__2__1.E	1.C:1.B	foldseek	100		sucos_shape_pocket_qcov	
a71ev2a-x5249a__1__1.A__1.X	a71ev2a-x5249a__1__1.X	7i7k__1__1.A__1.B	7i7k__1__1.B	1.A:1.A	foldseek	100		sucos_shape_pocket_qcov	
a71ev2a-x0717a__1__1.A__1.X	a71ev2a-x0717a__1__1.X	7h4b__1__1.A__1.B	7h4b__1__1.B	1.A:1.A	foldseek	100		sucos_shape_pocket_qcov	
a71ev2a-x6847a__1__1.A__1.X	a71ev2a-x6847a__1__1.X	7i4a__1__1.A__1.B	7i4a__1__1.B	1.A:1.A	foldseek	78		sucos_shape_pocket_qcov	
a71ev2a-x5676a__1__1.A__1.X	a71ev2a-x5676a__1__1.X	7i68__1__1.A__1.B	7i68__1__1.B	1.A:1.A	foldseek	89		sucos_shape_pocket_qcov	
a71ev2a-x3920a__1__1.A__1.X	a71ev2a-x3920a__1__1.X	7hwe__1__1.A__1.B	7hwe__1__1.B	1.A:1.A	foldseek	100		sucos_shape_pocket_qcov	
a71ev2a-x6844a__1__1.A__1.X	a71ev2a-x6844a__1__1.X	7hw8__2__1.B__1.F_1.G	7hw8__2__1.F	1.A:1.B	foldseek	88		sucos_shape_pocket_qcov	
a71ev2a-x6808a__1__1.A__1.X	a71ev2a-x6808a__1__1.X	7i3m__1__1.A__1.C	7i3m__1__1.C	1.A:1.A	foldseek	78		sucos_shape_pocket_qcov	
a71ev2a-x7246a__1__1.A__1.X	a71ev2a-x7246a__1__1.X	7i64__1__1.A__1.B	7i64__1__1.B	1.A:1.A	foldseek	78		sucos_shape_pocket_qcov	
a71ev2a-x7318a__1__1.A__1.X	a71ev2a-x7318a__1__1.X	7hyx__1__1.A__1.B	7hyx__1__1.B	1.A:1.A	foldseek	84		sucos_shape_pocket_qcov	
a71ev2a-x4295a__1__1.A__1.X	a71ev2a-x4295a__1__1.X	7hxk__1__1.A__1.C	7hxk__1__1.C	1.A:1.A	foldseek	100		sucos_shape_pocket_qcov	
a71ev2a-x4809a__1__1.A__1.X	a71ev2a-x4809a__1__1.X	7i5a__1__1.A__1.B	7i5a__1__1.B	1.A:1.A	foldseek	100		sucos_shape_pocket_qcov	
a71ev2a-x4321a__1__1.A__1.X	a71ev2a-x4321a__1__1.X	7hxz__1__1.A__1.C	7hxz__1__1.C	1.A:1.A	foldseek	100		sucos_shape_pocket_qcov	
a71ev2a-x6816a__1__1.A__1.X	a71ev2a-x6816a__1__1.X	7i4a__1__1.A__1.B	7i4a__1__1.B	1.A:1.A	foldseek	82		sucos_shape_pocket_qcov	
a71ev2a-x0188a__1__1.A__1.X	a71ev2a-x0188a__1__1.X	7h2u__1__1.A__1.B	7h2u__1__1.B	1.A:1.A	foldseek	100		sucos_shape_pocket_qcov	
a71ev2a-x6746a__1__1.A__1.X	a71ev2a-x6746a__1__1.X	7i6m__1__1.A__1.C	7i6m__1__1.C	1.A:1.A	foldseek	84		sucos_shape_pocket_qcov	
a71ev2a-x0375b__1__1.A__1.X	a71ev2a-x0375b__1__1.X	7h3e__1__1.A__1.C_1.D	7h3e__1__1.D	1.A:1.A	foldseek	100		sucos_shape_pocket_qcov	
a71ev2a-x0541a__1__1.A__1.X	a71ev2a-x0541a__1__1.X	7h43__1__1.A__1.B	7h43__1__1.B	1.A:1.A	foldseek	100		sucos_shape_pocket_qcov	
a71ev2a-x7368a__1__1.A__1.X	a71ev2a-x7368a__1__1.X	7i5f__1__1.A__1.C	7i5f__1__1.C	1.A:1.A	foldseek	77		sucos_shape_pocket_qcov	
a71ev2a-x5394a__1__1.A__1.X	a71ev2a-x5394a__1__1.X	7hyx__1__1.A__1.B	7hyx__1__1.B	1.A:1.A	foldseek	99		sucos_shape_pocket_qcov	
a71ev2a-x5488a__1__1.A__1.X	a71ev2a-x5488a__1__1.X	7i4o__1__1.A__1.B	7i4o__1__1.B	1.A:1.A	foldseek	88		sucos_shape_pocket_qcov	
a71ev2a-x4207a__1__1.A__1.X	a71ev2a-x4207a__1__1.X	7hx8__1__1.A__1.C_1.F	7hx8__1__1.C	1.A:1.A	foldseek	100		sucos_shape_pocket_qcov	
a71ev2a-x1140a__1__1.A__1.X	a71ev2a-x1140a__1__1.X	7h4w__1__1.A__1.B	7h4w__1__1.B	1.A:1.A	foldseek	100		sucos_shape_pocket_qcov	
a71ev2a-x4017b__1__1.C__1.X	a71ev2a-x4017b__1__1.X	7hwy__2__1.B__1.F	7hwy__2__1.F	1.C:1.B	foldseek	100		sucos_shape_pocket_qcov	
a71ev2a-x7436a__1__1.A__1.X	a71ev2a-x7436a__1__1.X	7i5e__1__1.A__1.C	7i5e__1__1.C	1.A:1.A	foldseek	77		sucos_shape_pocket_qcov	
a71ev2a-x5766a__1__1.A__1.X	a71ev2a-x5766a__1__1.X	7i5i__1__1.A__1.B	7i5i__1__1.B	1.A:1.A	foldseek	96		sucos_shape_pocket_qcov	
a71ev2a-x4350a__1__1.A__1.X	a71ev2a-x4350a__1__1.X	7hyc__1__1.A__1.B	7hyc__1__1.B	1.A:1.A	foldseek	100		sucos_shape_pocket_qcov	
a71ev2a-x0528a__1__1.A__1.X	a71ev2a-x0528a__1__1.X	7h41__1__1.A__1.B	7h41__1__1.B	1.A:1.A	foldseek	100		sucos_shape_pocket_qcov	
a71ev2a-x4341a__1__1.A__1.X	a71ev2a-x4341a__1__1.X	7hy6__1__1.A__1.B	7hy6__1__1.B	1.A:1.A	foldseek	100		sucos_shape_pocket_qcov	
a71ev2a-x4426a__1__1.A__1.X	a71ev2a-x4426a__1__1.X	7i3g__1__1.A__1.B	7i3g__1__1.B	1.A:1.A	foldseek	100		sucos_shape_pocket_qcov	
a71ev2a-x5544a__1__1.A__1.X	a71ev2a-x5544a__1__1.X	7i3m__1__1.A__1.C	7i3m__1__1.C	1.A:1.A	foldseek	82		sucos_shape_pocket_qcov	
a71ev2a-x7420a__1__1.A__1.X	a71ev2a-x7420a__1__1.X	7i64__1__1.A__1.B	7i64__1__1.B	1.A:1.A	foldseek	78		sucos_shape_pocket_qcov	
a71ev2a-x3585a__1__1.A__1.X	a71ev2a-x3585a__1__1.X	7i5r__2__1.B__1.H	7i5r__2__1.H	1.A:1.B	foldseek	84		sucos_shape_pocket_qcov	
a71ev2a-x4309b__1__1.C__1.X	a71ev2a-x4309b__1__1.X	7hxq__2__1.B__1.E	7hxq__2__1.E	1.C:1.B	foldseek	100		sucos_shape_pocket_qcov	
a71ev2a-x4947a__1__1.A__1.X	a71ev2a-x4947a__1__1.X	7i6c__1__1.A__1.C	7i6c__1__1.C	1.A:1.A	foldseek	100		sucos_shape_pocket_qcov	
a71ev2a-x7465b__1__1.C__1.X	a71ev2a-x7465b__1__1.X	7i6j__1__1.A__1.C	7i6j__1__1.C	1.C:1.A	foldseek	81		sucos_shape_pocket_qcov	
a71ev2a-x7533b__1__1.B__1.X	a71ev2a-x7533b__1__1.X	7i64__1__1.A__1.B	7i64__1__1.B	1.B:1.A	foldseek	82		sucos_shape_pocket_qcov	
a71ev2a-x1180b__1__1.B__1.X	a71ev2a-x1180b__1__1.X	7h51__2__1.B__1.J	7h51__2__1.J	1.B:1.B	foldseek	90		sucos_shape_pocket_qcov	
a71ev2a-x7461a__1__1.A__1.X	a71ev2a-x7461a__1__1.X	7i6j__1__1.A__1.C	7i6j__1__1.C	1.A:1.A	foldseek	83		sucos_shape_pocket_qcov	
a71ev2a-x4292a__1__1.A__1.X	a71ev2a-x4292a__1__1.X	7hxj__1__1.A__1.B	7hxj__1__1.B	1.A:1.A	foldseek	100		sucos_shape_pocket_qcov	
a71ev2a-x5608b__1__1.C__1.X	a71ev2a-x5608b__1__1.X	7i4d__1__1.A__1.B	7i4d__1__1.B	1.C:1.A	foldseek	97		sucos_shape_pocket_qcov	
a71ev2a-x5409a__1__1.A__1.X	a71ev2a-x5409a__1__1.X	7i49__1__1.A__1.B	7i49__1__1.B	1.A:1.A	foldseek	66		sucos_shape_pocket_qcov	
a71ev2a-x0473a__1__1.A__1.X	a71ev2a-x0473a__1__1.X	7h3r__1__1.A__1.B	7h3r__1__1.B	1.A:1.A	foldseek	100		sucos_shape_pocket_qcov	
a71ev2a-x5461a__1__1.A__1.X	a71ev2a-x5461a__1__1.X	7i4a__1__1.A__1.B	7i4a__1__1.B	1.A:1.A	foldseek	93		sucos_shape_pocket_qcov	
a71ev2a-x7095a__1__1.A__1.X	a71ev2a-x7095a__1__1.X	7i3m__1__1.A__1.C	7i3m__1__1.C	1.A:1.A	foldseek	74		sucos_shape_pocket_qcov	
a71ev2a-x4290a__1__1.A__1.X	a71ev2a-x4290a__1__1.X	7hxh__1__1.A__1.B	7hxh__1__1.B	1.A:1.A	foldseek	100		sucos_shape_pocket_qcov	
a71ev2a-x3897a__1__1.A__1.X	a71ev2a-x3897a__1__1.X	7i3a__1__1.A__1.B	7i3a__1__1.B	1.A:1.A	foldseek	100		sucos_shape_pocket_qcov	
a71ev2a-x4855a__1__1.A__1.X	a71ev2a-x4855a__1__1.X	7i5o__1__1.A__1.B	7i5o__1__1.B	1.A:1.A	foldseek	100		sucos_shape_pocket_qcov	
a71ev2a-x4032b__1__1.C__1.X	a71ev2a-x4032b__1__1.X	7hx4__2__1.B__1.G	7hx4__2__1.G	1.C:1.B	foldseek	100		sucos_shape_pocket_qcov	
a71ev2a-x4596a__1__1.A__1.X	a71ev2a-x4596a__1__1.X	7i3y__1__1.A__1.C	7i3y__1__1.C	1.A:1.A	foldseek	100		sucos_shape_pocket_qcov	
a71ev2a-x5466a__1__1.A__1.X	a71ev2a-x5466a__1__1.X	7i5f__1__1.A__1.C	7i5f__1__1.C	1.A:1.A	foldseek	91		sucos_shape_pocket_qcov	
a71ev2a-x5177a__1__1.A__1.X	a71ev2a-x5177a__1__1.X	7i78__1__1.A__1.B	7i78__1__1.B	1.A:1.A	foldseek	100		sucos_shape_pocket_qcov	
a71ev2a-x1068c__1__1.A__1.X	a71ev2a-x1068c__1__1.X	7h45__1__1.A__1.B	7h45__1__1.B	1.A:1.A	foldseek	73		sucos_shape_pocket_qcov	
a71ev2a-x4674b__1__1.C__1.X	a71ev2a-x4674b__1__1.X	7i48__2__1.B__1.F	7i48__2__1.F	1.C:1.B	foldseek	100		sucos_shape_pocket_qcov	
a71ev2a-x5864a__1__1.A__1.X	a71ev2a-x5864a__1__1.X	7i7o__1__1.A__1.B	7i7o__1__1.B	1.A:1.A	foldseek	84		sucos_shape_pocket_qcov	
a71ev2a-x0305a__1__1.A__1.X	a71ev2a-x0305a__1__1.X	7h34__1__1.A__1.B	7h34__1__1.B	1.A:1.A	foldseek	100		sucos_shape_pocket_qcov	
a71ev2a-x4464a__1__1.A__1.X	a71ev2a-x4464a__1__1.X	7i3h__1__1.A__1.B	7i3h__1__1.B	1.A:1.A	foldseek	99		sucos_shape_pocket_qcov	
a71ev2a-x4207b__1__1.C__1.X	a71ev2a-x4207b__1__1.X	7hx8__2__1.B__1.G_1.H	7hx8__2__1.G	1.C:1.B	foldseek	100		sucos_shape_pocket_qcov	
a71ev2a-x4368a__1__1.A__1.X	a71ev2a-x4368a__1__1.X	7hyf__1__1.A__1.B	7hyf__1__1.B	1.A:1.A	foldseek	100		sucos_shape_pocket_qcov	
a71ev2a-x3306a__1__1.A__1.X	a71ev2a-x3306a__1__1.X	7hv3__1__1.A__1.B	7hv3__1__1.B	1.A:1.A	foldseek	100		sucos_shape_pocket_qcov	
a71ev2a-x4209a__1__1.A__1.X	a71ev2a-x4209a__1__1.X	7hx9__1__1.A__1.B	7hx9__1__1.B	1.A:1.A	foldseek	100		sucos_shape_pocket_qcov	
a71ev2a-x3616b__1__1.C__1.X	a71ev2a-x3616b__1__1.X	7hvw__2__1.B__1.E	7hvw__2__1.E	1.C:1.B	foldseek	100		sucos_shape_pocket_qcov	
a71ev2a-x5366b__1__1.C__1.X	a71ev2a-x5366b__1__1.X	7i7x__2__1.B__1.E	7i7x__2__1.E	1.C:1.B	foldseek	100		sucos_shape_pocket_qcov	
a71ev2a-x5387b__1__1.C__1.X	a71ev2a-x5387b__1__1.X	7i5x__2__1.B__1.F	7i5x__2__1.F	1.C:1.B	foldseek	96		sucos_shape_pocket_qcov	
a71ev2a-x5819b__1__1.C__1.X	a71ev2a-x5819b__1__1.X	7i7v__1__1.A__1.C	7i7v__1__1.C	1.C:1.A	foldseek	92		sucos_shape_pocket_qcov	
a71ev2a-x4381a__1__1.A__1.X	a71ev2a-x4381a__1__1.X	7hyk__1__1.A__1.B	7hyk__1__1.B	1.A:1.A	foldseek	100		sucos_shape_pocket_qcov	
a71ev2a-x5576a__1__1.A__1.X	a71ev2a-x5576a__1__1.X	7i44__1__1.A__1.B	7i44__1__1.B	1.A:1.A	foldseek	84		sucos_shape_pocket_qcov	
a71ev2a-x0922a__1__1.A__1.X	a71ev2a-x0922a__1__1.X	7h4n__1__1.A__1.B	7h4n__1__1.B	1.A:1.A	foldseek	100		sucos_shape_pocket_qcov	
a71ev2a-x4752a__1__1.A__1.X	a71ev2a-x4752a__1__1.X	7i4y__1__1.A__1.C	7i4y__1__1.C	1.A:1.A	foldseek	100		sucos_shape_pocket_qcov	
a71ev2a-x7046a__1__1.A__1.X	a71ev2a-x7046a__1__1.X	7i5c__1__1.A__1.C	7i5c__1__1.C	1.A:1.A	foldseek	79		sucos_shape_pocket_qcov	
a71ev2a-x3403a__1__1.A__1.X	a71ev2a-x3403a__1__1.X	7i30__1__1.A__1.C	7i30__1__1.C	1.A:1.A	foldseek	100		sucos_shape_pocket_qcov	
a71ev2a-x5808b__1__1.C__1.X	a71ev2a-x5808b__1__1.X	7i3m__1__1.A__1.C	7i3m__1__1.C	1.C:1.A	foldseek	76		sucos_shape_pocket_qcov	
a71ev2a-x2846a__1__1.A__1.X	a71ev2a-x2846a__1__1.X	7hzp__1__1.A__1.F	7hzp__1__1.F	1.A:1.A	foldseek	98		sucos_shape_pocket_qcov	
a71ev2a-x5381a__1__1.A__1.X	a71ev2a-x5381a__1__1.X	7i4k__1__1.A__1.B	7i4k__1__1.B	1.A:1.A	foldseek	88		sucos_shape_pocket_qcov	
a71ev2a-x0194a__1__1.A__1.X	a71ev2a-x0194a__1__1.X	7h2v__1__1.A__1.B	7h2v__1__1.B	1.A:1.A	foldseek	78		sucos_shape_pocket_qcov	
a71ev2a-x7043a__1__1.A__1.X	a71ev2a-x7043a__1__1.X	7i64__1__1.A__1.B	7i64__1__1.B	1.A:1.A	foldseek	75		sucos_shape_pocket_qcov	
a71ev2a-x5079a__1__1.A__1.X	a71ev2a-x5079a__1__1.X	7i6y__1__1.A__1.C	7i6y__1__1.C	1.A:1.A	foldseek	100		sucos_shape_pocket_qcov	
a71ev2a-x6944a__1__1.A__1.X	a71ev2a-x6944a__1__1.X	7i4a__1__1.A__1.B	7i4a__1__1.B	1.A:1.A	foldseek	82		sucos_shape_pocket_qcov	
a71ev2a-x5288a__1__1.A__1.X	a71ev2a-x5288a__1__1.X	7i7s__1__1.A__1.C	7i7s__1__1.C	1.A:1.A	foldseek	100		sucos_shape_pocket_qcov	
a71ev2a-x5403a__1__1.A__1.X	a71ev2a-x5403a__1__1.X	7hyx__1__1.A__1.B	7hyx__1__1.B	1.A:1.A	foldseek	90		sucos_shape_pocket_qcov	
a71ev2a-x5479a__1__1.A__1.X	a71ev2a-x5479a__1__1.X	7i7r__1__1.A__1.C	7i7r__1__1.C	1.A:1.A	foldseek	90		sucos_shape_pocket_qcov	
a71ev2a-x7321a__1__1.A__1.X	a71ev2a-x7321a__1__1.X	7i5f__1__1.A__1.C	7i5f__1__1.C	1.A:1.A	foldseek	82		sucos_shape_pocket_qcov	
a71ev2a-x4967b__1__1.C__1.X	a71ev2a-x4967b__1__1.X	7i6h__2__1.B__1.G_1.H	7i6h__2__1.G	1.C:1.B	foldseek	100		sucos_shape_pocket_qcov	
a71ev2a-x4998b__1__1.A__1.X	a71ev2a-x4998b__1__1.X	7i6p__1__1.A__1.C	7i6p__1__1.C	1.A:1.A	foldseek	88		sucos_shape_pocket_qcov	
a71ev2a-x3564a__1__1.A__1.X	a71ev2a-x3564a__1__1.X	7hvm__1__1.A__1.B	7hvm__1__1.B	1.A:1.A	foldseek	100		sucos_shape_pocket_qcov	
a71ev2a-x7427a__1__1.A__1.X	a71ev2a-x7427a__1__1.X	7i3m__1__1.A__1.C	7i3m__1__1.C	1.A:1.A	foldseek	76		sucos_shape_pocket_qcov	
a71ev2a-x0269a__1__1.A__1.X	a71ev2a-x0269a__1__1.X	7h32__1__1.A__1.B	7h32__1__1.B	1.A:1.A	foldseek	78		sucos_shape_pocket_qcov	
a71ev2a-x5497a__1__1.A__1.X	a71ev2a-x5497a__1__1.X	7i7u__1__1.A__1.C	7i7u__1__1.C	1.A:1.A	foldseek	90		sucos_shape_pocket_qcov	
a71ev2a-x7127a__1__1.A__1.X	a71ev2a-x7127a__1__1.X	7i3m__1__1.A__1.C	7i3m__1__1.C	1.A:1.A	foldseek	76		sucos_shape_pocket_qcov	
a71ev2a-x4669b__1__1.C__1.X	a71ev2a-x4669b__1__1.X	7i45__2__1.B__1.G_1.H	7i45__2__1.G	1.C:1.B	foldseek	100		sucos_shape_pocket_qcov	
a71ev2a-x5576b__1__1.C__1.X	a71ev2a-x5576b__1__1.X	7hxs__1__1.A__1.C	7hxs__1__1.C	1.C:1.A	foldseek	84		sucos_shape_pocket_qcov	
a71ev2a-x5550a__1__1.A__1.X	a71ev2a-x5550a__1__1.X	7i4r__1__1.A__1.B	7i4r__1__1.B	1.A:1.A	foldseek	82		sucos_shape_pocket_qcov	
a71ev2a-x4344a__1__1.A__1.X	a71ev2a-x4344a__1__1.X	7hy9__1__1.A__1.B	7hy9__1__1.B	1.A:1.A	foldseek	100		sucos_shape_pocket_qcov	
a71ev2a-x3521b__1__1.A__1.X	a71ev2a-x3521b__1__1.X	7i7w__1__1.A__1.B_1.C	7i7w__1__1.C	1.A:1.A	foldseek	51		sucos_shape_pocket_qcov	
a71ev2a-x4707a__1__1.A__1.X	a71ev2a-x4707a__1__1.X	7i4h__1__1.A__1.C	7i4h__1__1.C	1.A:1.A	foldseek	100		sucos_shape_pocket_qcov	
a71ev2a-x0278b__1__1.A__1.X	a71ev2a-x0278b__1__1.X	7h33__1__1.A__1.B	7h33__1__1.B	1.A:1.A	foldseek	100		sucos_shape_pocket_qcov	
a71ev2a-x4490a__1__1.A__1.X	a71ev2a-x4490a__1__1.X	7hz7__1__1.A__1.B	7hz7__1__1.B	1.A:1.A	foldseek	100		sucos_shape_pocket_qcov	
a71ev2a-x6877a__1__1.A__1.X	a71ev2a-x6877a__1__1.X	7i6j__1__1.A__1.C	7i6j__1__1.C	1.A:1.A	foldseek	90		sucos_shape_pocket_qcov	
a71ev2a-x0486a__1__1.A__1.X	a71ev2a-x0486a__1__1.X	7h3s__1__1.A__1.B	7h3s__1__1.B	1.A:1.A	foldseek	100		sucos_shape_pocket_qcov	
a71ev2a-x6851a__1__1.A__1.X	a71ev2a-x6851a__1__1.X	7hw8__2__1.B__1.F_1.G	7hw8__2__1.F	1.A:1.B	foldseek	86		sucos_shape_pocket_qcov	
a71ev2a-x5381b__1__1.C__1.X	a71ev2a-x5381b__1__1.X	7i3p__1__1.A__1.B	7i3p__1__1.B	1.C:1.A	foldseek	84		sucos_shape_pocket_qcov	
a71ev2a-x4012a__1__1.A__1.X	a71ev2a-x4012a__1__1.X	7hwx__1__1.A__1.C	7hwx__1__1.C	1.A:1.A	foldseek	100		sucos_shape_pocket_qcov	
a71ev2a-x3694b__1__1.C__1.X	a71ev2a-x3694b__1__1.X	7hx4__1__1.A__1.C	7hx4__1__1.C	1.C:1.A	foldseek	97		sucos_shape_pocket_qcov	
a71ev2a-x4203a__1__1.A__1.X	a71ev2a-x4203a__1__1.X	7hx7__1__1.A__1.B	7hx7__1__1.B	1.A:1.A	foldseek	100		sucos_shape_pocket_qcov	
a71ev2a-x4283a__1__1.A__1.X	a71ev2a-x4283a__1__1.X	7hxg__1__1.A__1.C	7hxg__1__1.C	1.A:1.A	foldseek	100		sucos_shape_pocket_qcov	
a71ev2a-x0332a__1__1.A__1.X	a71ev2a-x0332a__1__1.X	7h37__1__1.A__1.B	7h37__1__1.B	1.A:1.A	foldseek	81		sucos_shape_pocket_qcov	
a71ev2a-x5594a__1__1.A__1.X	a71ev2a-x5594a__1__1.X	7i5c__1__1.A__1.C	7i5c__1__1.C	1.A:1.A	foldseek	92		sucos_shape_pocket_qcov	
a71ev2a-x4509a__1__1.A__1.X	a71ev2a-x4509a__1__1.X	7hz8__1__1.A__1.B	7hz8__1__1.B	1.A:1.A	foldseek	100		sucos_shape_pocket_qcov	
a71ev2a-x5221a__1__1.A__1.X	a71ev2a-x5221a__1__1.X	7i7g__1__1.A__1.B	7i7g__1__1.B	1.A:1.A	foldseek	100		sucos_shape_pocket_qcov	
a71ev2a-x4826b__1__1.C__1.X	a71ev2a-x4826b__1__1.X	7i5d__2__1.B__1.G	7i5d__2__1.G	1.C:1.B	foldseek	100		sucos_shape_pocket_qcov	
a71ev2a-x5212a__1__1.A__1.X	a71ev2a-x5212a__1__1.X	7i7d__1__1.A__1.B	7i7d__1__1.B	1.A:1.A	foldseek	100		sucos_shape_pocket_qcov	
a71ev2a-x7510a__1__1.A__1.X	a71ev2a-x7510a__1__1.X	7i64__1__1.A__1.B	7i64__1__1.B	1.A:1.A	foldseek	81		sucos_shape_pocket_qcov	
a71ev2a-x4812a__1__1.A__1.X	a71ev2a-x4812a__1__1.X	7i5b__1__1.A__1.B	7i5b__1__1.B	1.A:1.A	foldseek	100		sucos_shape_pocket_qcov	
a71ev2a-x3571b__1__1.C__1.X	a71ev2a-x3571b__1__1.X	7hvo__2__1.B__1.F	7hvo__2__1.F	1.C:1.B	foldseek	100		sucos_shape_pocket_qcov	
a71ev2a-x4580a__1__1.A__1.X	a71ev2a-x4580a__1__1.X	7i3v__1__1.A__1.C	7i3v__1__1.C	1.A:1.A	foldseek	100		sucos_shape_pocket_qcov	
a71ev2a-x7175a__1__1.A__1.X	a71ev2a-x7175a__1__1.X	7i64__1__1.A__1.B	7i64__1__1.B	1.A:1.A	foldseek	79		sucos_shape_pocket_qcov	
a71ev2a-x4305a__1__1.A__1.X	a71ev2a-x4305a__1__1.X	7hxn__1__1.A__1.C	7hxn__1__1.C	1.A:1.A	foldseek	100		sucos_shape_pocket_qcov	
a71ev2a-x3510a__1__1.A__1.X	a71ev2a-x3510a__1__1.X	7hvg__1__1.A__1.B	7hvg__1__1.B	1.A:1.A	foldseek	100		sucos_shape_pocket_qcov	
a71ev2a-x5705a__1__1.A__1.X	a71ev2a-x5705a__1__1.X	7hxb__1__1.A__1.C	7hxb__1__1.C	1.A:1.A	foldseek	70		sucos_shape_pocket_qcov	
a71ev2a-x5424a__1__1.A__1.X	a71ev2a-x5424a__1__1.X	7i54__1__1.A__1.C	7i54__1__1.C	1.A:1.A	foldseek	87		sucos_shape_pocket_qcov	
a71ev2a-x4899b__1__1.C__1.X	a71ev2a-x4899b__1__1.X	7i60__2__1.B__1.F	7i60__2__1.F	1.C:1.B	foldseek	100		sucos_shape_pocket_qcov	
a71ev2a-x4239a__1__1.A__1.X	a71ev2a-x4239a__1__1.X	7hxc__1__1.A__1.B	7hxc__1__1.B	1.A:1.A	foldseek	100		sucos_shape_pocket_qcov	
a71ev2a-x7597a__1__1.A__1.X	a71ev2a-x7597a__1__1.X	7i5c__1__1.A__1.C	7i5c__1__1.C	1.A:1.A	foldseek	85		sucos_shape_pocket_qcov	
a71ev2a-x4611a__1__1.A__1.X	a71ev2a-x4611a__1__1.X	7i41__1__1.A__1.C	7i41__1__1.C	1.A:1.A	foldseek	100		sucos_shape_pocket_qcov	
a71ev2a-x3189a__1__1.A__1.X	a71ev2a-x3189a__1__1.X	7hun__1__1.A__1.B	7hun__1__1.B	1.A:1.A	foldseek	100		sucos_shape_pocket_qcov	
a71ev2a-x5556a__1__1.A__1.X	a71ev2a-x5556a__1__1.X	7hyt__1__1.A__1.B	7hyt__1__1.B	1.A:1.A	foldseek	91		sucos_shape_pocket_qcov	
a71ev2a-x7448a__1__1.A__1.X	a71ev2a-x7448a__1__1.X	7i8z__1__1.A__1.B	7i8z__1__1.B	1.A:1.A	foldseek	93		sucos_shape_pocket_qcov	
a71ev2a-x6948b__1__1.A__1.X	a71ev2a-x6948b__1__1.X	7i7x__1__1.A__1.C	7i7x__1__1.C	1.A:1.A	foldseek	81		sucos_shape_pocket_qcov	
a71ev2a-x4963a__1__1.A__1.X	a71ev2a-x4963a__1__1.X	7i6g__1__1.A__1.C	7i6g__1__1.C	1.A:1.A	foldseek	100		sucos_shape_pocket_qcov	
a71ev2a-x4254a__1__1.A__1.X	a71ev2a-x4254a__1__1.X	7hxd__1__1.A__1.B	7hxd__1__1.B	1.A:1.A	foldseek	100		sucos_shape_pocket_qcov	
